t2,total_fits,valid_fits,mean_tc,median_tc,mean_rmse,positive_bubble_confidence
2006-11-03,23,0,2007-05-10 07:18:15.652173824,2007-04-20,0.020032949398435796,0.0
2006-11-10,23,0,2007-05-13 22:57:23.478260992,2007-04-17,0.01997891263924084,0.0
2006-11-17,23,0,2007-05-16 02:05:13.043478272,2007-04-19,0.01988307083703816,0.0
2006-11-24,23,0,2007-05-18 07:18:15.652173824,2007-04-23,0.019804669878972288,0.0
2006-12-01,23,0,2007-05-16 19:49:33.913043456,2007-04-23,0.01980712878036181,0.0
2006-12-08,23,0,2007-05-15 18:46:57.391304448,2007-04-30,0.019717398206350892,0.0
2006-12-15,23,0,2007-05-18 02:05:13.043478272,2007-04-30,0.019792085957855195,0.0
2006-12-22,23,0,2007-05-19 19:49:33.913043456,2007-05-05,0.019915669789662412,0.0
2007-01-04,23,0,2007-05-01 21:54:46.956521728,2007-04-15,0.02003760351803693,0.0
2007-01-11,23,2,2007-04-08 16:41:44.347826176,2007-03-22,0.0199363336065812,0.08695652173913043
2007-01-18,23,2,2007-04-01 15:39:07.826086912,2007-03-04,0.019788799544022323,0.08695652173913043
2007-01-25,23,2,2007-04-01 18:46:57.391304448,2007-03-02,0.019686991383197357,0.08695652173913043
2007-02-01,23,2,2007-04-02 19:49:33.913043456,2007-03-05,0.019600531190783504,0.08695652173913043
2007-02-08,23,3,2007-03-30 16:41:44.347826176,2007-03-02,0.019524190970860125,0.13043478260869565
2007-02-15,23,3,2007-04-03 07:18:15.652173824,2007-02-24,0.01938073294742103,0.13043478260869565
2007-02-22,23,3,2007-03-31 20:52:10.434782720,2007-03-23,0.019186453684343612,0.13043478260869565
2007-03-01,23,4,2007-05-13 04:10:26.086956544,2007-04-16,0.019483748510861366,0.17391304347826086
2007-03-08,23,3,2007-06-03 10:26:05.217391360,2007-05-02,0.020091091771417116,0.13043478260869565
2007-03-15,23,2,2007-06-20 22:57:23.478260992,2007-05-16,0.020625931510188412,0.08695652173913043
2007-03-22,23,2,2007-07-07 17:44:20.869565184,2007-05-30,0.02081216353625837,0.08695652173913043
2007-03-29,23,2,2007-07-14 06:15:39.130434816,2007-06-08,0.020708488053226688,0.08695652173913043
2007-04-05,23,1,2007-07-16 19:49:33.913043456,2007-06-29,0.020651203413811787,0.043478260869565216
2007-04-16,23,1,2007-07-13 17:44:20.869565184,2007-07-19,0.020305419150520497,0.043478260869565216
2007-04-23,23,1,2007-07-21 12:31:18.260869632,2007-07-31,0.02011489914889673,0.043478260869565216
2007-04-30,23,1,2007-07-19 00:00:00.000000000,2007-07-25,0.019855045275235236,0.043478260869565216
2007-05-08,23,1,2007-08-02 05:13:02.608695552,2007-08-15,0.019722752824867594,0.043478260869565216
2007-05-15,23,0,2007-08-03 07:18:15.652173824,2007-08-09,0.019588864831580045,0.0
2007-05-23,23,0,2007-08-27 03:07:49.565217280,2007-08-22,0.0195099895046651,0.0
2007-05-31,23,0,2007-09-04 03:07:49.565217280,2007-08-28,0.019337721897388093,0.0
2007-06-07,23,1,2007-08-23 11:28:41.739130368,2007-08-12,0.019307676915652015,0.043478260869565216
2007-06-14,23,0,2007-09-09 15:39:07.826086912,2007-09-05,0.019413175112951177,0.0
2007-06-21,23,1,2007-09-11 03:07:49.565217280,2007-09-01,0.01926722887259941,0.043478260869565216
2007-06-28,23,0,2007-09-24 18:46:57.391304448,2007-09-15,0.01918198307208971,0.0
2007-07-05,23,0,2007-09-24 21:54:46.956521728,2007-09-21,0.019042174622471805,0.0
2007-07-12,23,0,2007-10-11 04:10:26.086956544,2007-10-06,0.01891206850260845,0.0
2007-07-19,23,0,2007-10-13 05:13:02.608695552,2007-10-13,0.018812849663276256,0.0
2007-07-26,23,0,2007-11-06 08:20:52.173913088,2007-11-04,0.019237709630746027,0.0
2007-08-03,23,0,2007-12-20 06:15:39.130434816,2007-12-06,0.020543051968711007,0.0
2007-08-10,23,0,2008-01-13 04:10:26.086956544,2008-01-04,0.02190317978390097,0.0
2007-08-17,23,0,2008-01-30 04:10:26.086956544,2008-02-04,0.024138309700910836,0.0
2007-08-24,23,0,2008-02-06 07:18:15.652173824,2008-02-16,0.02555550578974506,0.0
2007-08-31,23,0,2008-02-18 03:07:49.565217280,2008-02-23,0.02639302578020592,0.0
2007-09-07,23,0,2008-02-27 04:10:26.086956544,2008-03-09,0.026792054454368226,0.0
2007-09-14,23,0,2008-03-06 11:28:41.739130368,2008-03-17,0.027482253732963563,0.0
2007-09-21,23,0,2008-03-13 13:33:54.782608640,2008-03-28,0.027816663666910702,0.0
2007-09-28,23,0,2008-03-20 01:02:36.521739008,2008-04-09,0.027733957516214335,0.0
2007-10-05,23,0,2008-03-26 16:41:44.347826176,2008-04-13,0.026713356943762808,0.0
2007-10-12,23,0,2008-03-30 13:33:54.782608640,2008-04-14,0.02636061323712887,0.0
2007-10-19,23,0,2008-04-04 15:39:07.826086912,2008-04-14,0.025891583026151355,0.0
2007-10-26,23,0,2008-04-05 00:00:00.000000000,2008-04-05,0.025796345270767195,0.0
2007-11-02,23,0,2008-04-07 12:31:18.260869632,2008-03-28,0.025436422010936335,0.0
2007-11-09,23,0,2008-04-10 00:00:00.000000000,2008-03-31,0.025524277796410633,0.0
2007-11-16,23,0,2008-04-13 15:39:07.826086912,2008-04-01,0.025926447128904795,0.0
2007-11-23,23,0,2008-04-21 02:05:13.043478272,2008-04-18,0.0270620671290503,0.0
2007-11-30,23,0,2008-04-25 17:44:20.869565184,2008-04-25,0.027325663955226127,0.0
2007-12-07,23,0,2008-05-06 11:28:41.739130368,2008-05-11,0.027251618720146892,0.0
2007-12-14,23,0,2008-05-11 01:02:36.521739008,2008-05-18,0.027118300757545347,0.0
2007-12-21,23,0,2008-05-08 02:05:13.043478272,2008-05-25,0.027343247104590438,0.0
2008-01-03,23,0,2008-05-29 02:05:13.043478272,2008-06-28,0.026836106937144468,0.0
2008-01-10,23,0,2008-06-02 15:39:07.826086912,2008-07-05,0.02754489695533697,0.0
2008-01-17,23,0,2008-06-27 20:52:10.434782720,2008-07-30,0.028947435500437765,0.0
2008-01-24,23,0,2008-06-18 03:07:49.565217280,2008-08-06,0.032948147602128317,0.0
2008-01-31,23,0,2008-07-04 21:54:46.956521728,2008-08-23,0.03454138554447517,0.0
2008-02-07,23,0,2008-07-03 18:46:57.391304448,2008-08-30,0.03595079595921911,0.0
2008-02-14,23,0,2008-07-11 02:05:13.043478272,2008-09-06,0.03717700170268477,0.0
2008-02-21,23,0,2008-07-23 10:26:05.217391360,2008-09-13,0.03761806875464288,0.0
2008-02-28,23,0,2008-08-09 22:57:23.478260992,2008-09-20,0.03726792093366107,0.0
2008-03-06,23,0,2008-08-09 14:36:31.304347904,2008-09-17,0.03803958641516011,0.0
2008-03-13,23,0,2008-09-01 17:44:20.869565184,2008-10-04,0.03785822963021258,0.0
2008-03-20,23,0,2008-09-08 07:18:15.652173824,2008-10-11,0.03858328403004823,0.0
2008-03-31,23,0,2008-09-29 08:20:52.173913088,2008-10-23,0.03813737763506871,0.0
2008-04-07,23,0,2008-10-04 22:57:23.478260992,2008-10-30,0.03755211903142228,0.0
2008-04-14,23,0,2008-10-29 18:46:57.391304448,2008-11-06,0.03655029796721927,0.0
2008-04-21,23,0,2008-11-11 14:36:31.304347904,2008-11-13,0.035496270424619926,0.0
2008-04-28,23,0,2008-11-18 15:39:07.826086912,2008-11-20,0.0344280903768795,0.0
2008-05-06,23,0,2008-11-27 17:44:20.869565184,2008-11-28,0.033442377628344754,0.0
2008-05-14,23,0,2008-12-05 19:49:33.913043456,2008-12-07,0.03250887771171998,0.0
2008-05-22,23,0,2008-12-14 06:15:39.130434816,2008-12-15,0.03166735415266707,0.0
2008-05-29,23,0,2008-12-21 02:05:13.043478272,2008-12-22,0.031033542089195957,0.0
2008-06-05,23,0,2008-12-26 18:46:57.391304448,2008-12-29,0.030521155766299605,0.0
2008-06-12,23,0,2008-12-27 00:00:00.000000000,2009-01-05,0.030486257433040922,0.0
2008-06-19,23,0,2008-12-30 09:23:28.695652096,2009-01-12,0.03043956866805645,0.0
2008-06-26,23,0,2008-12-29 17:44:20.869565184,2009-01-19,0.030779367925240532,0.0
2008-07-03,23,0,2009-01-02 09:23:28.695652096,2009-01-26,0.03150002948074205,0.0
2008-07-11,23,0,2008-12-29 22:57:23.478260992,2008-11-26,0.03219849794823103,0.0
2008-07-18,23,0,2009-01-03 01:02:36.521739008,2008-12-03,0.03292425048839394,0.0
2008-07-25,23,0,2008-12-31 08:20:52.173913088,2008-12-10,0.03304188739983529,0.0
2008-08-04,23,0,2009-01-05 22:57:23.478260992,2008-12-21,0.032894574811914365,0.0
2008-08-11,23,0,2009-01-02 00:00:00.000000000,2008-10-17,0.032663034328120254,0.0
2008-08-18,23,0,2009-01-07 01:02:36.521739008,2008-10-16,0.0322870315339228,0.0
2008-08-25,23,0,2009-01-13 21:54:46.956521728,2008-11-13,0.032096267516270996,0.0
2008-09-01,23,0,2009-01-22 09:23:28.695652096,2008-12-05,0.031974408993209226,0.0
2008-09-08,23,0,2009-02-01 09:23:28.695652096,2008-12-18,0.03189903978090583,0.0
2008-09-16,23,0,2009-01-31 11:28:41.739130368,2008-12-25,0.03182491090681695,0.0
2008-09-23,23,0,2009-02-04 02:05:13.043478272,2009-01-02,0.03208295726435193,0.0
2008-09-30,23,0,2009-01-29 04:10:26.086956544,2008-12-26,0.032192785693598736,0.0
2008-10-07,23,0,2009-01-22 06:15:39.130434816,2009-01-03,0.03270494111260977,0.0
2008-10-14,23,0,2009-01-24 19:49:33.913043456,2009-01-25,0.036007673185686026,0.0
2008-10-21,23,0,2008-12-13 07:18:15.652173824,2008-10-22,0.03787072027564693,0.0
2008-10-29,23,0,2008-10-30 13:33:54.782608640,2008-10-30,0.03950892146961464,0.0
2008-11-05,23,0,2008-12-07 21:54:46.956521728,2008-11-12,0.04213325112070292,0.0
2008-11-12,23,0,2008-12-06 15:39:07.826086912,2008-11-27,0.04262440273430513,0.0
2008-11-19,23,0,2008-12-07 01:02:36.521739008,2008-12-09,0.04245417507293664,0.0
2008-11-26,23,0,2008-12-12 08:20:52.173913088,2008-12-16,0.04275117026418058,0.0
2008-12-03,23,0,2008-12-17 18:46:57.391304448,2008-12-23,0.04322574049623359,0.0
2008-12-10,23,0,2008-12-28 03:07:49.565217280,2009-01-06,0.04488871775213202,0.0
2008-12-17,23,0,2009-01-08 16:41:44.347826176,2009-01-18,0.046378567260094365,0.0
2008-12-24,23,0,2009-01-28 21:54:46.956521728,2009-01-30,0.047449016845259304,0.0
2009-01-06,23,0,2009-02-26 13:33:54.782608640,2009-02-04,0.04950558997096083,0.0
2009-01-13,23,0,2009-03-13 14:36:31.304347904,2009-02-26,0.050874527253392324,0.0
2009-01-20,23,0,2009-03-26 02:05:13.043478272,2009-03-18,0.050564299115682235,0.0
2009-01-27,23,0,2009-03-30 05:13:02.608695552,2009-03-21,0.05038236212576727,0.0
2009-02-03,23,0,2009-04-11 01:02:36.521739008,2009-04-09,0.05044473313310095,0.0
2009-02-10,23,0,2009-05-04 11:28:41.739130368,2009-05-18,0.05101013559802488,0.0
2009-02-18,23,0,2009-05-19 09:23:28.695652096,2009-05-25,0.0509089387879776,0.0
2009-02-25,23,0,2009-05-29 01:02:36.521739008,2009-06-05,0.05057003313916238,0.0
2009-03-04,23,0,2009-05-30 14:36:31.304347904,2009-06-04,0.05031443498371665,0.0
2009-03-11,23,0,2009-05-30 06:15:39.130434816,2009-06-07,0.050032136194200494,0.0
2009-03-18,23,0,2009-06-09 00:00:00.000000000,2009-05-18,0.050043057493973524,0.0
2009-03-25,23,0,2009-06-13 08:20:52.173913088,2009-05-15,0.05042854746226681,0.0
2009-04-01,23,0,2009-07-02 07:18:15.652173824,2009-05-27,0.05062650530052356,0.0
2009-04-08,23,0,2009-07-31 01:02:36.521739008,2009-06-21,0.051974842681137404,0.0
2009-04-17,23,0,2009-10-06 16:41:44.347826176,2009-10-23,0.0535838403717134,0.0
2009-04-24,23,0,2009-11-11 10:26:05.217391360,2009-11-07,0.05429335092393268,0.0
2009-05-04,23,0,2009-11-24 01:02:36.521739008,2009-11-19,0.05578368784081753,0.0
2009-05-11,23,0,2009-12-04 00:00:00.000000000,2009-12-05,0.05839038054278392,0.0
2009-05-18,23,0,2009-12-11 13:33:54.782608640,2009-12-12,0.0602307354085624,0.0
2009-05-26,23,0,2009-12-20 03:07:49.565217280,2009-12-21,0.06160157493383588,0.0
2009-06-03,23,0,2009-12-24 10:26:05.217391360,2009-12-29,0.06317191189263642,0.0
2009-06-10,23,0,2009-12-30 21:54:46.956521728,2010-01-05,0.06431192584038951,0.0
2009-06-17,23,0,2010-01-11 17:44:20.869565184,2010-01-12,0.06389427828868681,0.0
2009-06-24,23,0,2010-01-18 12:31:18.260869632,2010-01-19,0.06327477922037303,0.0
2009-07-01,23,0,2010-01-25 10:26:05.217391360,2010-01-26,0.0626060914844801,0.0
2009-07-08,23,0,2010-02-01 07:18:15.652173824,2010-02-02,0.0613479621841784,0.0
2009-07-15,23,0,2010-02-08 05:13:02.608695552,2010-02-09,0.06032488782944194,0.0
2009-07-22,23,0,2010-02-15 01:02:36.521739008,2010-02-16,0.06038031836986778,0.0
2009-07-29,23,0,2010-02-21 22:57:23.478260992,2010-02-23,0.0609172393987895,0.0
2009-08-05,23,0,2010-02-26 02:05:13.043478272,2010-03-02,0.06189738704830086,0.0
2009-08-12,23,0,2010-03-04 15:39:07.826086912,2010-03-09,0.06278125610008412,0.0
2009-08-19,23,0,2010-03-11 04:10:26.086956544,2010-03-16,0.06304530921146988,0.0
2009-08-26,23,0,2010-03-14 03:07:49.565217280,2010-03-23,0.06373152042924782,0.0
2009-09-02,23,0,2010-03-16 06:15:39.130434816,2010-03-30,0.06363459160155506,0.0
2009-09-10,23,0,2010-03-23 19:49:33.913043456,2010-04-07,0.0633077055983655,0.0
2009-09-17,23,0,2010-03-29 19:49:33.913043456,2010-04-12,0.0638599565083117,0.0
2009-09-24,23,0,2010-04-05 06:15:39.130434816,2010-04-19,0.06383580761653491,0.0
2009-10-01,23,0,2010-04-12 05:13:02.608695552,2010-04-26,0.06307522624707626,0.0
2009-10-08,23,0,2010-04-19 06:15:39.130434816,2010-05-03,0.06213882499443035,0.0
2009-10-15,23,0,2010-04-26 16:41:44.347826176,2010-05-10,0.061664316414542855,0.0
2009-10-22,23,0,2010-04-27 19:49:33.913043456,2010-05-17,0.06133609307142061,0.0
2009-10-29,23,0,2010-05-04 14:36:31.304347904,2010-05-24,0.05997825847826523,0.0
2009-11-05,23,0,2010-05-11 18:46:57.391304448,2010-05-31,0.05850280464131686,0.0
2009-11-12,23,0,2010-05-18 10:26:05.217391360,2010-06-07,0.057764319688510354,0.0
2009-11-19,23,0,2010-05-24 22:57:23.478260992,2010-06-14,0.05733433372803589,0.0
2009-11-26,23,0,2010-06-01 02:05:13.043478272,2010-06-21,0.0564390489662755,0.0
2009-12-03,23,0,2010-06-07 19:49:33.913043456,2010-06-28,0.05554312674340485,0.0
2009-12-10,23,0,2010-06-17 00:00:00.000000000,2010-07-04,0.05493953173794207,0.0
2009-12-17,23,0,2010-06-24 16:41:44.347826176,2010-07-11,0.05453402081361415,0.0
2009-12-24,23,0,2010-06-24 13:33:54.782608640,2010-07-18,0.054122809299304415,0.0
2010-01-04,23,0,2010-07-05 05:13:02.608695552,2010-07-30,0.05341519550653922,0.0
2010-01-11,23,0,2010-07-09 01:02:36.521739008,2010-08-06,0.05378225888054996,0.0
2010-01-18,23,0,2010-07-16 16:41:44.347826176,2010-08-13,0.05406546512667256,0.0
2010-01-25,23,0,2010-07-23 07:18:15.652173824,2010-08-20,0.05394020321442825,0.0
2010-02-01,23,0,2010-07-31 14:36:31.304347904,2010-08-26,0.05350556147707799,0.0
2010-02-08,23,0,2010-08-15 21:54:46.956521728,2010-09-02,0.05323509057743779,0.0
2010-02-15,23,0,2010-08-31 04:10:26.086956544,2010-09-09,0.05301912245649413,0.0
2010-02-22,23,0,2010-09-14 00:00:00.000000000,2010-09-16,0.0525733589085046,0.0
2010-03-01,23,0,2010-09-19 15:39:07.826086912,2010-09-23,0.05201436030418982,0.0
2010-03-08,23,0,2010-09-23 16:41:44.347826176,2010-09-30,0.052166735578631517,0.0
2010-03-15,23,0,2010-09-28 18:46:57.391304448,2010-10-07,0.05208423428676889,0.0
2010-03-22,23,0,2010-09-29 07:18:15.652173824,2010-10-14,0.05211796411358525,0.0
2010-03-29,23,0,2010-09-25 15:39:07.826086912,2010-09-03,0.052061453646038175,0.0
2010-04-07,23,0,2010-09-27 16:41:44.347826176,2010-09-01,0.05208906676345366,0.0
2010-04-14,23,0,2010-10-07 14:36:31.304347904,2010-09-08,0.05220484405742142,0.0
2010-04-21,23,0,2010-10-01 06:15:39.130434816,2010-08-27,0.05213875565909141,0.0
2010-04-28,23,0,2010-09-26 21:54:46.956521728,2010-08-13,0.05175282247245685,0.0
2010-05-05,23,0,2010-09-17 22:57:23.478260992,2010-07-18,0.05150451019284971,0.0
2010-05-12,23,0,2010-09-07 11:28:41.739130368,2010-07-13,0.05169149024578234,0.0
2010-05-20,23,0,2010-09-12 17:44:20.869565184,2010-07-15,0.05176803555634568,0.0
2010-05-28,23,0,2010-09-12 09:23:28.695652096,2010-07-23,0.05230458686460561,0.0
2010-06-04,23,0,2010-09-19 10:26:05.217391360,2010-07-25,0.05230468186653415,0.0
2010-06-11,23,0,2010-09-17 03:07:49.565217280,2010-07-27,0.05244866914487198,0.0
2010-06-18,23,0,2010-09-22 10:26:05.217391360,2010-07-28,0.05208999569016024,0.0
2010-06-25,23,0,2010-09-20 09:23:28.695652096,2010-07-29,0.051680912094355554,0.0
2010-07-02,23,0,2010-09-20 21:54:46.956521728,2010-07-26,0.05180301097757687,0.0
2010-07-09,23,0,2010-10-05 02:05:13.043478272,2010-07-28,0.05164978372800378,0.0
2010-07-19,23,0,2010-10-15 06:15:39.130434816,2010-08-02,0.05095665565266038,0.0
2010-07-26,23,0,2010-10-07 06:15:39.130434816,2010-08-01,0.05021613900696549,0.0
2010-08-02,23,0,2010-10-24 06:15:39.130434816,2010-08-06,0.04957159846827991,0.0
2010-08-09,23,0,2010-10-28 17:44:20.869565184,2010-10-13,0.048991360368916756,0.0
2010-08-16,23,0,2010-11-11 09:23:28.695652096,2010-10-23,0.04840445254359945,0.0
2010-08-23,23,0,2010-11-16 12:31:18.260869632,2010-10-17,0.04781037989874913,0.0
2010-08-30,23,0,2010-11-28 02:05:13.043478272,2010-11-08,0.0475092674579864,0.0
2010-09-06,23,0,2010-12-08 17:44:20.869565184,2010-11-19,0.04710267467330485,0.0
2010-09-13,23,0,2010-12-19 06:15:39.130434816,2010-11-27,0.046411529045132516,0.0
2010-09-20,23,0,2011-01-06 11:28:41.739130368,2011-01-16,0.045816875430579954,0.0
2010-09-27,23,0,2011-01-24 06:15:39.130434816,2011-02-01,0.04523886482694111,0.0
2010-10-04,23,0,2011-01-24 19:49:33.913043456,2011-01-09,0.04477780627203248,0.0
2010-10-11,23,0,2011-01-30 19:49:33.913043456,2011-01-13,0.04423333360387037,0.0
2010-10-18,23,0,2011-02-08 17:44:20.869565184,2011-01-25,0.04354011336921528,0.0
2010-10-25,23,0,2011-02-24 01:02:36.521739008,2011-03-10,0.0430224451248426,0.0
2010-11-01,23,0,2011-02-23 14:36:31.304347904,2011-03-17,0.04256872501946036,0.0
2010-11-08,23,0,2011-03-09 11:28:41.739130368,2011-03-24,0.04195258957686166,0.0
2010-11-15,23,0,2011-03-05 01:02:36.521739008,2011-03-15,0.04119649892362221,0.0
2010-11-22,23,0,2011-03-21 07:18:15.652173824,2011-04-02,0.04065815585046566,0.0
2010-11-29,23,0,2011-03-23 17:44:20.869565184,2011-04-05,0.04022210050214923,0.0
2010-12-06,23,0,2011-03-28 03:07:49.565217280,2011-04-07,0.039642222525168254,0.0
2010-12-13,23,0,2011-03-20 15:39:07.826086912,2011-01-26,0.0389111997248904,0.0
2010-12-20,23,0,2011-03-19 03:07:49.565217280,2011-02-07,0.03832104114649246,0.0
2010-12-28,23,0,2011-03-27 09:23:28.695652096,2011-01-31,0.037862701085714295,0.0
2011-01-05,23,0,2011-04-07 14:36:31.304347904,2011-01-31,0.037270736986370366,0.0
2011-01-12,23,0,2011-04-14 11:28:41.739130368,2011-02-01,0.036565976589567464,0.0
2011-01-19,23,0,2011-04-23 09:23:28.695652096,2011-02-03,0.036020283918870744,0.0
2011-01-26,23,0,2011-04-25 09:23:28.695652096,2011-02-03,0.03562581918643177,0.0
2011-02-02,23,0,2011-05-11 14:36:31.304347904,2011-02-28,0.035003906170141416,0.0
2011-02-09,23,0,2011-05-02 17:44:20.869565184,2011-02-23,0.03422601088848445,0.0
2011-02-16,23,0,2011-05-25 22:57:23.478260992,2011-03-05,0.03358036170582483,0.0
2011-02-23,23,1,2011-05-16 19:49:33.913043456,2011-03-12,0.03309852610069491,0.043478260869565216
2011-03-02,23,0,2011-06-25 11:28:41.739130368,2011-07-25,0.032534973027852555,0.0
2011-03-09,23,0,2011-07-01 18:46:57.391304448,2011-07-23,0.03175261011117695,0.0
2011-03-16,23,1,2011-07-23 16:41:44.347826176,2011-08-03,0.031824309725452915,0.043478260869565216
2011-03-23,23,0,2011-08-18 21:54:46.956521728,2011-08-15,0.03169841015838459,0.0
2011-03-30,23,0,2011-08-28 08:20:52.173913088,2011-09-02,0.03102683972406568,0.0
2011-04-06,23,0,2011-09-13 12:31:18.260869632,2011-09-06,0.0303694700846115,0.0
2011-04-13,23,0,2011-09-13 11:28:41.739130368,2011-09-14,0.029681993804942332,0.0
2011-04-20,23,0,2011-09-28 11:28:41.739130368,2011-09-27,0.029305907442848757,0.0
2011-04-29,23,0,2011-10-04 11:28:41.739130368,2011-10-12,0.028559502734187357,0.0
2011-05-06,23,0,2011-10-10 13:33:54.782608640,2011-10-19,0.028061496789058893,0.0
2011-05-13,23,0,2011-10-18 15:39:07.826086912,2011-10-24,0.027565749469821932,0.0
2011-05-20,23,0,2011-10-31 05:13:02.608695552,2011-10-31,0.027413881520773092,0.0
2011-05-27,23,0,2011-11-13 16:41:44.347826176,2011-11-18,0.027194011988382828,0.0
2011-06-08,23,0,2011-12-02 13:33:54.782608640,2011-12-02,0.027324512817248937,0.0
2011-06-16,23,0,2011-12-08 18:46:57.391304448,2011-12-19,0.027656856941655227,0.0
2011-06-23,23,0,2011-12-26 01:02:36.521739008,2012-01-02,0.02815307607817292,0.0
2011-06-30,23,0,2011-12-28 19:49:33.913043456,2012-01-12,0.02836736688707064,0.0
2011-07-07,23,0,2012-01-05 10:26:05.217391360,2012-01-19,0.028002260220024427,0.0
2011-07-14,23,0,2012-01-17 03:07:49.565217280,2012-01-26,0.02783271066388704,0.0
2011-07-21,23,0,2012-01-17 05:13:02.608695552,2012-01-22,0.028091606389886208,0.0
2011-07-28,23,0,2012-01-11 05:13:02.608695552,2012-01-20,0.027911024191848578,0.0
2011-08-05,23,0,2012-01-18 17:44:20.869565184,2012-01-28,0.030186106911342027,0.0
2011-08-12,23,0,2012-01-19 20:52:10.434782720,2012-01-26,0.03564457685787788,0.0
2011-08-19,23,0,2012-01-08 18:46:57.391304448,2012-01-23,0.03869885175793149,0.0
2011-08-26,23,0,2012-01-20 06:15:39.130434816,2012-02-08,0.041482617982019576,0.0
2011-09-02,23,0,2012-01-31 19:49:33.913043456,2012-02-15,0.04249208800524669,0.0
2011-09-09,23,0,2012-02-18 17:44:20.869565184,2012-03-03,0.04362143994553959,0.0
2011-09-16,23,0,2012-03-03 13:33:54.782608640,2012-03-15,0.044238808079673515,0.0
2011-09-23,23,0,2012-03-27 12:31:18.260869632,2012-03-26,0.04438194506433899,0.0
2011-09-30,23,0,2012-04-05 13:33:54.782608640,2012-04-11,0.04371688723019368,0.0
2011-10-07,23,0,2012-04-19 09:23:28.695652096,2012-04-19,0.04248517920656345,0.0
2011-10-14,23,0,2012-04-23 11:28:41.739130368,2012-04-26,0.04113431014639427,0.0
2011-10-21,23,0,2012-04-27 01:02:36.521739008,2012-05-03,0.03954193308468577,0.0
2011-10-28,23,0,2012-05-11 21:54:46.956521728,2012-05-10,0.03814382975363817,0.0
2011-11-04,23,0,2012-05-14 17:44:20.869565184,2012-05-17,0.036992274546397634,0.0
2011-11-11,23,0,2012-05-26 22:57:23.478260992,2012-05-28,0.036249644159885096,0.0
2011-11-18,23,0,2012-06-06 00:00:00.000000000,2012-06-07,0.035129425842560014,0.0
2011-11-28,23,0,2012-06-12 21:54:46.956521728,2012-06-20,0.035171430216692584,0.0
2011-12-05,23,0,2012-06-20 12:31:18.260869632,2012-06-21,0.03464845279017969,0.0
2011-12-12,23,0,2012-06-25 15:39:07.826086912,2012-06-24,0.03413971507800343,0.0
2011-12-19,23,0,2012-06-30 00:00:00.000000000,2012-07-01,0.03369750190922104,0.0
2011-12-27,23,0,2012-07-07 06:15:39.130434816,2012-07-09,0.033357404973769655,0.0
2012-01-04,23,0,2012-07-14 12:31:18.260869632,2012-07-08,0.03307503576832125,0.0
2012-01-11,23,0,2012-07-18 17:44:20.869565184,2012-07-09,0.03282250752140434,0.0
2012-01-18,23,0,2012-07-21 22:57:23.478260992,2012-07-05,0.03259616642301727,0.0
2012-01-25,23,0,2012-07-28 17:44:20.869565184,2012-07-22,0.03252335618922493,0.0
2012-02-01,23,0,2012-08-02 09:23:28.695652096,2012-07-30,0.03220327723309641,0.0
2012-02-08,23,0,2012-08-07 07:18:15.652173824,2012-08-11,0.032268750835246496,0.0
2012-02-15,23,0,2012-08-12 19:49:33.913043456,2012-08-17,0.032175058670833215,0.0
2012-02-23,23,0,2012-08-19 05:13:02.608695552,2012-08-23,0.03211554725600323,0.0
2012-03-01,23,0,2012-08-25 11:28:41.739130368,2012-08-30,0.03191554856660092,0.0
2012-03-08,23,0,2012-08-30 18:46:57.391304448,2012-09-05,0.03167676735242847,0.0
2012-03-15,23,0,2012-09-11 10:26:05.217391360,2012-09-16,0.03173391364971292,0.0
2012-03-22,23,0,2012-09-21 18:46:57.391304448,2012-09-23,0.03181745656857592,0.0
2012-03-29,23,0,2012-09-30 06:15:39.130434816,2012-10-02,0.03155950432006436,0.0
2012-04-05,23,0,2012-10-09 05:13:02.608695552,2012-10-07,0.031337721216558964,0.0
2012-04-16,23,0,2012-10-18 02:05:13.043478272,2012-10-19,0.030931492222873405,0.0
2012-04-23,23,0,2012-10-29 01:02:36.521739008,2012-10-26,0.030804219971501515,0.0
2012-04-30,23,0,2012-11-09 06:15:39.130434816,2012-11-12,0.03070221852161623,0.0
2012-05-08,23,0,2012-11-19 19:49:33.913043456,2012-11-20,0.03062503535530941,0.0
2012-05-15,23,0,2012-11-28 00:00:00.000000000,2012-11-27,0.03039888350668677,0.0
2012-05-23,23,0,2012-12-07 10:26:05.217391360,2012-12-08,0.030060447185472627,0.0
2012-05-31,23,0,2012-12-15 09:23:28.695652096,2012-12-23,0.02972481962247131,0.0
2012-06-07,23,0,2012-12-23 15:39:07.826086912,2012-12-30,0.029639234668113714,0.0
2012-06-14,23,0,2012-12-12 15:39:07.826086912,2012-11-10,0.029554607757382324,0.0
2012-06-21,23,0,2012-12-08 22:57:23.478260992,2012-11-06,0.029538212627792798,0.0
2012-06-28,23,0,2012-12-09 16:41:44.347826176,2012-10-29,0.029338013151526312,0.0
2012-07-05,23,0,2012-11-26 02:05:13.043478272,2012-10-06,0.029505581767874236,0.0
2012-07-12,23,0,2012-11-19 19:49:33.913043456,2012-10-06,0.029443829805495206,0.0
2012-07-19,23,0,2012-10-22 07:18:15.652173824,2012-10-04,0.029167571963015983,0.0
2012-07-26,23,0,2012-10-12 22:57:23.478260992,2012-10-03,0.028869805499504166,0.0
2012-08-03,23,0,2012-10-20 09:23:28.695652096,2012-10-12,0.02865792059478089,0.0
2012-08-10,23,0,2012-11-04 03:07:49.565217280,2012-10-29,0.028839800207876975,0.0
2012-08-17,23,0,2012-11-18 19:49:33.913043456,2012-11-13,0.028945879433579517,0.0
2012-08-24,23,0,2012-11-28 22:57:23.478260992,2012-11-21,0.028885276180040307,0.0
2012-08-31,23,0,2012-12-09 02:05:13.043478272,2012-11-29,0.028813476854118763,0.0
2012-09-07,23,0,2012-12-20 16:41:44.347826176,2012-12-16,0.02902484622129015,0.0
2012-09-14,23,0,2013-01-03 08:20:52.173913088,2013-01-01,0.029465017841080673,0.0
2012-09-21,23,0,2012-12-29 19:49:33.913043456,2013-01-12,0.029768104990418476,0.0
2012-09-28,23,0,2013-01-04 05:13:02.608695552,2013-01-25,0.02987667826519077,0.0
2012-10-05,23,0,2013-01-02 19:49:33.913043456,2013-01-22,0.02997767831676607,0.0
2012-10-12,23,0,2013-01-02 15:39:07.826086912,2013-01-19,0.029753252418567473,0.0
2012-10-19,23,0,2013-01-02 01:02:36.521739008,2012-12-01,0.029810944129357822,0.0
2012-10-26,23,0,2012-12-31 21:54:46.956521728,2012-11-01,0.02970363176298896,0.0
2012-11-02,23,0,2012-12-25 07:18:15.652173824,2012-11-07,0.029698748222867843,0.0
2012-11-09,23,0,2012-12-27 21:54:46.956521728,2013-01-03,0.029504297682953765,0.0
2012-11-16,23,0,2013-01-14 21:54:46.956521728,2012-12-01,0.029218927729500545,0.0
2012-11-23,23,0,2013-01-20 19:49:33.913043456,2012-12-02,0.02901732663784381,0.0
2012-11-30,23,0,2013-01-31 02:05:13.043478272,2012-12-29,0.028915446235462258,0.0
2012-12-07,23,0,2013-02-03 15:39:07.826086912,2013-01-02,0.028770014529907982,0.0
2012-12-14,23,0,2013-02-14 10:26:05.217391360,2013-01-12,0.028607025874167694,0.0
2012-12-21,23,0,2013-02-21 19:49:33.913043456,2013-01-05,0.02856849729265069,0.0
2013-01-07,23,0,2013-03-13 19:49:33.913043456,2013-03-27,0.028911147308939022,0.0
2013-01-14,23,0,2013-03-18 09:23:28.695652096,2013-01-15,0.028985224962423776,0.0
2013-01-21,23,0,2013-03-25 11:28:41.739130368,2013-01-25,0.028930867658748673,0.0
2013-01-28,23,0,2013-04-04 06:15:39.130434816,2013-02-01,0.029043128704321304,0.0
2013-02-04,23,0,2013-04-09 17:44:20.869565184,2013-04-06,0.029090460829279574,0.0
2013-02-11,23,0,2013-04-21 15:39:07.826086912,2013-04-14,0.028938733124839303,0.0
2013-02-18,23,0,2013-04-16 13:33:54.782608640,2013-03-30,0.02870312202165256,0.0
2013-02-25,23,0,2013-04-10 18:46:57.391304448,2013-03-28,0.0284920046365544,0.0
2013-03-04,23,0,2013-04-11 17:44:20.869565184,2013-03-05,0.028245315210782683,0.0
2013-03-11,23,0,2013-04-22 18:46:57.391304448,2013-03-15,0.028091222325965257,0.0
2013-03-18,23,0,2013-05-06 15:39:07.826086912,2013-05-21,0.02785972314318883,0.0
2013-03-25,23,0,2013-05-05 11:28:41.739130368,2013-04-04,0.027664446952529544,0.0
2013-04-03,23,0,2013-05-10 21:54:46.956521728,2013-05-16,0.02744992001318721,0.0
2013-04-10,23,0,2013-05-20 07:18:15.652173824,2013-06-05,0.02720211306488491,0.0
2013-04-17,23,0,2013-05-29 01:02:36.521739008,2013-06-21,0.026951752181128084,0.0
2013-04-24,23,0,2013-06-07 01:02:36.521739008,2013-07-03,0.026860359192889392,0.0
2013-05-02,23,0,2013-06-11 05:13:02.608695552,2013-07-04,0.026571275490021064,0.0
2013-05-10,23,0,2013-06-18 00:00:00.000000000,2013-07-07,0.02633018360461878,0.0
2013-05-17,23,0,2013-06-24 22:57:23.478260992,2013-07-14,0.026147086866447365,0.0
2013-05-27,23,0,2013-06-25 22:57:23.478260992,2013-06-24,0.025967071458102498,0.0
2013-06-03,23,0,2013-06-30 00:00:00.000000000,2013-07-01,0.025647196880571068,0.0
2013-06-10,23,0,2013-06-28 13:33:54.782608640,2013-07-05,0.025619872104366618,0.0
2013-06-17,23,0,2013-07-06 11:28:41.739130368,2013-07-14,0.02575907250851091,0.0
2013-06-24,23,0,2013-07-16 06:15:39.130434816,2013-07-11,0.02680264289640377,0.0
2013-07-01,23,0,2013-07-24 08:20:52.173913088,2013-07-15,0.027458752787521537,0.0
2013-07-08,23,0,2013-08-02 04:10:26.086956544,2013-07-16,0.027643986589323134,0.0
2013-07-15,23,0,2013-08-11 11:28:41.739130368,2013-07-16,0.027403684263937644,0.0
2013-07-22,23,0,2013-08-18 09:23:28.695652096,2013-07-24,0.027182119533682363,0.0
2013-07-29,23,0,2013-08-29 07:18:15.652173824,2013-07-30,0.02699907571193393,0.0
2013-08-06,23,0,2013-09-13 13:33:54.782608640,2013-08-07,0.02718607113254437,0.0
2013-08-13,23,0,2013-09-22 15:39:07.826086912,2013-10-04,0.027120000368771758,0.0
2013-08-20,23,0,2013-09-30 08:20:52.173913088,2013-10-05,0.026914193024875802,0.0
2013-08-27,23,0,2013-10-07 16:41:44.347826176,2013-10-05,0.026832023856384217,0.0
2013-09-03,23,0,2013-10-14 16:41:44.347826176,2013-10-06,0.02674068054978386,0.0
2013-09-10,23,0,2013-10-18 16:41:44.347826176,2013-10-07,0.026393313600561987,0.0
2013-09-17,23,0,2013-10-23 12:31:18.260869632,2013-10-08,0.026117590924903292,0.0
2013-09-24,23,0,2013-11-01 12:31:18.260869632,2013-10-08,0.025799878969656565,0.0
2013-10-01,23,0,2013-11-04 12:31:18.260869632,2013-10-06,0.025509531479782032,0.0
2013-10-08,23,0,2013-11-10 21:54:46.956521728,2013-10-09,0.025260996055392605,0.0
2013-10-15,23,0,2013-11-26 07:18:15.652173824,2013-10-16,0.025232421174916295,0.0
2013-10-22,23,0,2013-12-26 01:02:36.521739008,2013-10-31,0.0254353429875418,0.0
2013-10-29,23,0,2014-01-28 08:20:52.173913088,2014-02-25,0.025618145504685823,0.0
2013-11-05,23,0,2014-01-16 01:02:36.521739008,2013-11-15,0.0251884339515991,0.0
2013-11-12,23,0,2014-02-14 11:28:41.739130368,2014-03-19,0.025112960948171562,0.0
2013-11-19,23,0,2014-02-17 09:23:28.695652096,2014-01-12,0.024853305315013535,0.0
2013-11-26,23,1,2014-03-18 08:20:52.173913088,2014-04-14,0.02455198874759182,0.043478260869565216
2013-12-03,23,1,2014-03-24 18:46:57.391304448,2014-04-21,0.024047469054081484,0.043478260869565216
2013-12-10,23,3,2014-03-31 14:36:31.304347904,2014-04-04,0.02383473828378824,0.13043478260869565
2013-12-17,23,4,2014-03-27 01:02:36.521739008,2014-04-07,0.02373114131169033,0.17391304347826086
2013-12-27,23,4,2014-04-08 19:49:33.913043456,2014-04-14,0.023394155334509326,0.17391304347826086
2014-01-08,23,5,2014-03-30 18:46:57.391304448,2014-04-08,0.022943594603007225,0.21739130434782608
2014-01-15,23,5,2014-03-23 21:54:46.956521728,2014-04-01,0.0225516453254175,0.21739130434782608
2014-01-22,23,5,2014-03-25 04:10:26.086956544,2014-03-28,0.022223530728526942,0.21739130434782608
2014-01-29,23,5,2014-03-14 18:46:57.391304448,2014-03-12,0.022140714151557783,0.21739130434782608
2014-02-05,23,4,2014-04-11 11:28:41.739130368,2014-03-12,0.022205925341188367,0.17391304347826086
2014-02-12,23,4,2014-04-09 07:18:15.652173824,2014-03-17,0.02194120895697979,0.17391304347826086
2014-02-20,23,4,2014-04-18 10:26:05.217391360,2014-03-17,0.021585368707408598,0.17391304347826086
2014-02-27,23,3,2014-06-15 22:57:23.478260992,2014-05-06,0.021437905766041127,0.13043478260869565
2014-03-06,23,3,2014-05-23 06:15:39.130434816,2014-03-19,0.021085115696529072,0.13043478260869565
2014-03-13,23,4,2014-05-19 21:54:46.956521728,2014-03-31,0.021027235896708883,0.17391304347826086
2014-03-20,23,4,2014-06-22 00:00:00.000000000,2014-05-25,0.02110965989053434,0.17391304347826086
2014-03-27,23,4,2014-07-13 04:10:26.086956544,2014-06-26,0.02110796872285378,0.17391304347826086
2014-04-03,23,6,2014-07-16 18:46:57.391304448,2014-06-27,0.02085559081289158,0.2608695652173913
2014-04-10,23,3,2014-07-26 13:33:54.782608640,2014-07-22,0.020674783193227325,0.13043478260869565
2014-04-17,23,3,2014-08-14 04:10:26.086956544,2014-08-10,0.02063482495280451,0.13043478260869565
2014-04-28,23,5,2014-08-14 19:49:33.913043456,2014-08-14,0.020452288967624726,0.21739130434782608
2014-05-06,23,6,2014-08-12 20:52:10.434782720,2014-08-24,0.02019499385744582,0.2608695652173913
2014-05-13,23,3,2014-08-26 21:54:46.956521728,2014-09-11,0.01994415224350385,0.13043478260869565
2014-05-20,23,5,2014-08-14 17:44:20.869565184,2014-07-26,0.01967804819038228,0.21739130434782608
2014-05-27,23,5,2014-08-19 03:07:49.565217280,2014-07-15,0.019432451953711405,0.21739130434782608
2014-06-04,23,5,2014-08-19 14:36:31.304347904,2014-07-17,0.01922028680314683,0.21739130434782608
2014-06-12,23,3,2014-09-04 08:20:52.173913088,2014-08-12,0.01899673047438808,0.13043478260869565
2014-06-19,23,3,2014-09-11 00:00:00.000000000,2014-08-14,0.01873060326535466,0.13043478260869565
2014-06-26,23,4,2014-09-04 19:49:33.913043456,2014-08-05,0.0185555160876962,0.17391304347826086
2014-07-03,23,2,2014-09-16 18:46:57.391304448,2014-08-16,0.0183613398430491,0.08695652173913043
2014-07-10,23,7,2014-09-21 03:07:49.565217280,2014-08-31,0.01837166094587553,0.30434782608695654
2014-07-17,23,10,2014-10-23 11:28:41.739130368,2014-10-04,0.018377028532641903,0.43478260869565216
2014-07-24,23,10,2014-11-09 16:41:44.347826176,2014-10-25,0.018315383346545096,0.43478260869565216
2014-07-31,23,5,2014-12-03 21:54:46.956521728,2014-11-11,0.018353018991274287,0.21739130434782608
2014-08-08,23,3,2015-01-04 17:44:20.869565184,2015-01-01,0.01935779007728923,0.13043478260869565
2014-08-15,23,3,2015-01-11 13:33:54.782608640,2015-01-14,0.020051616044633232,0.13043478260869565
2014-08-22,23,1,2015-01-25 04:10:26.086956544,2015-02-02,0.020210996146615024,0.043478260869565216
2014-08-29,23,0,2015-02-07 11:28:41.739130368,2015-02-18,0.020094631220820777,0.0
2014-09-05,23,0,2015-02-20 00:00:00.000000000,2015-03-10,0.019938177278016084,0.0
2014-09-12,23,0,2015-02-25 02:05:13.043478272,2015-03-19,0.019667497721993825,0.0
2014-09-19,23,0,2015-02-23 20:52:10.434782720,2015-03-06,0.019612078127972908,0.0
2014-09-26,23,0,2015-03-07 15:39:07.826086912,2015-03-23,0.0195253394927685,0.0
2014-10-03,23,0,2015-03-11 14:36:31.304347904,2015-03-22,0.019629492151384983,0.0
2014-10-10,23,3,2015-03-12 17:44:20.869565184,2015-03-06,0.020620774263758225,0.13043478260869565
2014-10-17,23,5,2015-03-05 13:33:54.782608640,2015-02-23,0.02276898837539197,0.21739130434782608
2014-10-24,23,3,2015-03-15 16:41:44.347826176,2015-03-02,0.023485861788332812,0.13043478260869565
2014-10-31,23,3,2015-03-17 06:15:39.130434816,2015-03-06,0.023719126282135402,0.13043478260869565
2014-11-07,23,3,2015-03-25 02:05:13.043478272,2015-03-07,0.023546799897604515,0.13043478260869565
2014-11-14,23,1,2015-04-24 08:20:52.173913088,2015-04-20,0.02290505708252693,0.043478260869565216
2014-11-21,23,0,2015-05-12 17:44:20.869565184,2015-05-16,0.022208389216620807,0.0
2014-11-28,23,0,2015-05-23 12:31:18.260869632,2015-06-02,0.0219199423157141,0.0
2014-12-05,23,0,2015-06-24 11:28:41.739130368,2015-06-29,0.021279278577393614,0.0
2014-12-12,23,0,2015-06-30 07:18:15.652173824,2015-07-06,0.021133972636613863,0.0
2014-12-19,23,0,2015-06-18 15:39:07.826086912,2015-07-03,0.021399596771584758,0.0
2015-01-06,23,0,2015-07-20 13:33:54.782608640,2015-08-03,0.020956315414573233,0.0
2015-01-13,23,0,2015-07-25 12:31:18.260869632,2015-08-10,0.0207059624839997,0.0
2015-01-20,23,0,2015-08-02 11:28:41.739130368,2015-08-17,0.020562473725354823,0.0
2015-01-27,23,0,2015-08-13 20:52:10.434782720,2015-08-24,0.02120834485499457,0.0
2015-02-03,23,0,2015-08-26 08:20:52.173913088,2015-08-31,0.02146881108217847,0.0
2015-02-10,23,0,2015-08-30 21:54:46.956521728,2015-09-06,0.02152207895549086,0.0
2015-02-17,23,0,2015-09-08 05:13:02.608695552,2015-09-13,0.02150188036568636,0.0
2015-02-24,23,0,2015-09-11 08:20:52.173913088,2015-09-13,0.021665584106007895,0.0
2015-03-03,23,0,2015-09-12 16:41:44.347826176,2015-09-13,0.021886426677030665,0.0
2015-03-10,23,0,2015-09-13 22:57:23.478260992,2015-09-15,0.02192245196039975,0.0
2015-03-17,23,0,2015-09-16 01:02:36.521739008,2015-09-18,0.021940087263461316,0.0
2015-03-24,23,0,2015-09-19 14:36:31.304347904,2015-09-22,0.021985368554708184,0.0
2015-03-31,23,0,2015-09-23 18:46:57.391304448,2015-09-26,0.02170668012392344,0.0
2015-04-09,23,0,2015-09-30 04:10:26.086956544,2015-09-30,0.021482917102171876,0.0
2015-04-16,23,0,2015-10-07 01:02:36.521739008,2015-10-13,0.021550613051345348,0.0
2015-04-23,23,0,2015-10-12 13:33:54.782608640,2015-10-13,0.02135233751807771,0.0
2015-04-30,23,0,2015-10-15 06:15:39.130434816,2015-10-18,0.021208372405321543,0.0
2015-05-08,23,0,2015-10-09 16:41:44.347826176,2015-10-14,0.021199306589716343,0.0
2015-05-18,23,0,2015-10-09 11:28:41.739130368,2015-10-12,0.02103778856219819,0.0
2015-05-26,23,0,2015-10-12 07:18:15.652173824,2015-10-19,0.021047875495049925,0.0
2015-06-02,23,0,2015-10-13 19:49:33.913043456,2015-10-20,0.020992048102397198,0.0
2015-06-09,23,0,2015-10-17 11:28:41.739130368,2015-10-20,0.021053081876840428,0.0
2015-06-16,23,0,2015-10-21 19:49:33.913043456,2015-10-24,0.021014767099926814,0.0
2015-06-23,23,0,2015-10-25 14:36:31.304347904,2015-10-25,0.021007282767742642,0.0
2015-06-30,23,0,2015-10-31 09:23:28.695652096,2015-10-28,0.021055665873137612,0.0
2015-07-07,23,0,2015-11-12 12:31:18.260869632,2015-11-03,0.021519773658602373,0.0
2015-07-14,23,0,2015-11-25 09:23:28.695652096,2015-11-19,0.021642962242757687,0.0
2015-07-21,23,0,2015-11-27 05:13:02.608695552,2015-11-18,0.021513845745864638,0.0
2015-07-28,23,0,2015-12-14 16:41:44.347826176,2015-12-09,0.021773515209674216,0.0
2015-08-04,23,0,2015-12-28 15:39:07.826086912,2015-12-24,0.021824358981121866,0.0
2015-08-11,23,0,2016-01-11 08:20:52.173913088,2016-01-11,0.021896841046873557,0.0
2015-08-18,23,0,2016-02-04 04:10:26.086956544,2016-02-17,0.02270823641478382,0.0
2015-08-25,23,0,2016-03-14 14:36:31.304347904,2016-03-22,0.02606712969653052,0.0
2015-09-01,23,0,2016-03-23 21:54:46.956521728,2016-03-29,0.02832087523487096,0.0
2015-09-08,23,0,2016-03-30 17:44:20.869565184,2016-04-05,0.029988394019550505,0.0
2015-09-15,23,0,2016-04-06 09:23:28.695652096,2016-04-11,0.031137961336861086,0.0
2015-09-22,23,0,2016-04-12 18:46:57.391304448,2016-04-16,0.03205885522506038,0.0
2015-09-29,23,0,2016-04-19 11:28:41.739130368,2016-04-23,0.03395702426613138,0.0
2015-10-06,23,0,2016-04-26 05:13:02.608695552,2016-04-30,0.034479054609401615,0.0
2015-10-13,23,0,2016-05-07 10:26:05.217391360,2016-05-07,0.03412234647118158,0.0
2015-10-20,23,0,2016-05-14 07:18:15.652173824,2016-05-14,0.033775918437466995,0.0
2015-10-27,23,0,2016-05-20 21:54:46.956521728,2016-05-21,0.03330771249965658,0.0
2015-11-03,23,0,2016-05-25 20:52:10.434782720,2016-05-15,0.03278970141732691,0.0
2015-11-10,23,0,2016-05-30 00:00:00.000000000,2016-05-12,0.03237812603907817,0.0
2015-11-17,23,0,2016-06-05 03:07:49.565217280,2016-05-21,0.03215124721298437,0.0
2015-11-24,23,0,2016-06-09 01:02:36.521739008,2016-05-21,0.0318796197451457,0.0
2015-12-01,23,0,2016-06-14 06:15:39.130434816,2016-06-03,0.03150074958562894,0.0
2015-12-08,23,0,2016-06-15 01:02:36.521739008,2016-06-02,0.03163517689745588,0.0
2015-12-15,23,0,2016-06-10 19:49:33.913043456,2016-06-17,0.03259281101746437,0.0
2015-12-22,23,0,2016-06-13 18:46:57.391304448,2016-07-10,0.03301686040581023,0.0
2016-01-04,23,0,2016-06-16 17:44:20.869565184,2016-05-24,0.03305366218382056,0.0
2016-01-11,23,0,2016-06-21 18:46:57.391304448,2016-05-25,0.03367782353562223,0.0
2016-01-18,23,0,2016-06-25 06:15:39.130434816,2016-04-04,0.03465807481863608,0.0
2016-01-25,23,0,2016-06-27 01:02:36.521739008,2016-04-08,0.03561716955576762,0.0
2016-02-01,23,0,2016-06-26 05:13:02.608695552,2016-04-11,0.03569284223791313,0.0
2016-02-08,23,0,2016-07-09 16:41:44.347826176,2016-05-17,0.036697046326595026,0.0
2016-02-15,23,0,2016-07-22 03:07:49.565217280,2016-06-12,0.038607781590772265,0.0
2016-02-22,23,0,2016-07-25 04:10:26.086956544,2016-06-19,0.038837140434634335,0.0
2016-02-29,23,0,2016-07-27 07:18:15.652173824,2016-06-26,0.0388553868015342,0.0
2016-03-07,23,0,2016-08-11 12:31:18.260869632,2016-07-13,0.03833623853499337,0.0
2016-03-14,23,0,2016-08-13 03:07:49.565217280,2016-07-20,0.03784493999139319,0.0
2016-03-21,23,0,2016-08-21 09:23:28.695652096,2016-07-27,0.037419539444085465,0.0
2016-03-30,23,0,2016-08-30 08:20:52.173913088,2016-08-05,0.03691807814982029,0.0
2016-04-06,23,0,2016-08-28 08:20:52.173913088,2016-08-02,0.0365756998495123,0.0
2016-04-13,23,0,2016-09-05 18:46:57.391304448,2016-08-19,0.0363829537647306,0.0
2016-04-20,23,0,2016-09-11 11:28:41.739130368,2016-08-26,0.03665180831418146,0.0
2016-04-27,23,0,2016-09-22 14:36:31.304347904,2016-09-12,0.03679177542782103,0.0
2016-05-04,23,0,2016-10-03 12:31:18.260869632,2016-09-28,0.03659278417179769,0.0
2016-05-12,23,0,2016-10-07 20:52:10.434782720,2016-10-06,0.03646683238506468,0.0
2016-05-20,23,0,2016-10-18 08:20:52.173913088,2016-10-15,0.03639789106174771,0.0
2016-05-27,23,0,2016-10-23 03:07:49.565217280,2016-09-21,0.036415128577304695,0.0
2016-06-03,23,0,2016-11-03 06:15:39.130434816,2016-09-18,0.036229635876218434,0.0
2016-06-10,23,0,2016-11-06 08:20:52.173913088,2016-09-24,0.036048069907628676,0.0
2016-06-17,23,0,2016-11-08 09:23:28.695652096,2016-09-21,0.036168319433677834,0.0
2016-06-24,23,0,2016-11-07 04:10:26.086956544,2016-09-24,0.03627695388152412,0.0
2016-07-01,23,0,2016-11-14 04:10:26.086956544,2016-09-27,0.03637940343995636,0.0
2016-07-08,23,0,2016-12-02 10:26:05.217391360,2016-09-28,0.03632596953177518,0.0
2016-07-15,23,0,2016-12-04 11:28:41.739130368,2016-09-23,0.036136286464501614,0.0
2016-07-22,23,0,2016-12-02 15:39:07.826086912,2016-09-23,0.036048557611810784,0.0
2016-07-29,23,0,2016-12-11 22:57:23.478260992,2016-09-30,0.03597690549553353,0.0
2016-08-08,23,0,2016-12-28 12:31:18.260869632,2016-10-25,0.035779914274268305,0.0
2016-08-15,23,0,2017-01-04 03:07:49.565217280,2016-11-14,0.035833526748685236,0.0
2016-08-22,23,0,2017-01-10 09:23:28.695652096,2016-12-02,0.035896160624898775,0.0
2016-08-29,23,0,2017-01-17 12:31:18.260869632,2016-12-16,0.03580179260318875,0.0
2016-09-05,23,0,2017-01-25 00:00:00.000000000,2017-01-01,0.03588392565026934,0.0
2016-09-12,23,0,2017-01-04 20:52:10.434782720,2016-10-06,0.036037287976797026,0.0
2016-09-19,23,0,2017-01-25 06:15:39.130434816,2016-10-14,0.03590233048087565,0.0
2016-09-26,23,0,2017-02-16 00:00:00.000000000,2017-03-21,0.035729815232749165,0.0
2016-10-03,23,0,2017-02-20 20:52:10.434782720,2017-04-05,0.03537223750009596,0.0
2016-10-10,23,0,2017-03-16 18:46:57.391304448,2017-04-14,0.03517252900185956,0.0
2016-10-17,23,0,2017-03-12 02:05:13.043478272,2017-04-11,0.03490130639082858,0.0
2016-10-24,23,0,2017-03-24 08:20:52.173913088,2017-04-17,0.03448178200837343,0.0
2016-10-31,23,0,2017-04-01 04:10:26.086956544,2017-04-20,0.03401770966118078,0.0
2016-11-07,23,0,2017-04-05 01:02:36.521739008,2017-04-21,0.03371542454213218,0.0
2016-11-14,23,0,2017-04-11 05:13:02.608695552,2017-04-28,0.03345560653160769,0.0
2016-11-21,23,0,2017-04-11 04:10:26.086956544,2017-05-05,0.032997906855998974,0.0
2016-11-28,23,0,2017-04-21 11:28:41.739130368,2017-05-12,0.032598044876191834,0.0
2016-12-05,23,0,2017-04-29 22:57:23.478260992,2017-05-19,0.0323312130410795,0.0
2016-12-12,23,0,2017-05-17 00:00:00.000000000,2017-06-14,0.03252384289240339,0.0
2016-12-19,23,0,2017-05-25 02:05:13.043478272,2017-06-21,0.03282519981287755,0.0
2016-12-27,23,0,2017-05-28 10:26:05.217391360,2017-06-29,0.03303186994351668,0.0
2017-01-04,23,0,2017-05-18 19:49:33.913043456,2017-04-22,0.03340268148787528,0.0
2017-01-11,23,0,2017-06-05 03:07:49.565217280,2017-05-08,0.03378691026003696,0.0
2017-01-18,23,0,2017-06-06 08:20:52.173913088,2017-05-15,0.03380028008591158,0.0
2017-01-25,23,0,2017-06-27 07:18:15.652173824,2017-08-16,0.03375670600652482,0.0
2017-02-01,23,0,2017-07-07 14:36:31.304347904,2017-08-23,0.033698768447893775,0.0
2017-02-08,23,0,2017-07-08 07:18:15.652173824,2017-08-30,0.033682907350930914,0.0
2017-02-15,23,0,2017-06-24 04:10:26.086956544,2017-04-14,0.033735029166612265,0.0
2017-02-22,23,0,2017-07-22 09:23:28.695652096,2017-09-13,0.03329325086825542,0.0
2017-03-01,23,0,2017-08-04 15:39:07.826086912,2017-09-20,0.033271528080089395,0.0
2017-03-08,23,0,2017-08-09 00:00:00.000000000,2017-09-27,0.033270483527572024,0.0
2017-03-15,23,0,2017-08-27 08:20:52.173913088,2017-10-04,0.03283459891641654,0.0
2017-03-22,23,0,2017-09-05 19:49:33.913043456,2017-10-11,0.032364698827579044,0.0
2017-03-29,23,1,2017-09-15 09:23:28.695652096,2017-10-18,0.03198800359238871,0.043478260869565216
2017-04-05,23,1,2017-09-02 00:00:00.000000000,2017-10-25,0.03194803397175668,0.043478260869565216
2017-04-12,23,0,2017-09-29 08:20:52.173913088,2017-11-01,0.031293251433255356,0.0
2017-04-21,23,0,2017-10-24 15:39:07.826086912,2017-11-11,0.03061723552948295,0.0
2017-04-28,23,0,2017-10-19 00:00:00.000000000,2017-11-18,0.030490517977013246,0.0
2017-05-08,23,2,2017-10-22 14:36:31.304347904,2017-11-29,0.03031234667818683,0.08695652173913043
2017-05-15,23,1,2017-10-21 15:39:07.826086912,2017-12-06,0.030055779913229216,0.043478260869565216
2017-05-22,23,1,2017-11-05 08:20:52.173913088,2017-12-13,0.029611166491467604,0.043478260869565216
2017-05-30,23,1,2017-11-28 01:02:36.521739008,2017-12-21,0.029143805228300314,0.043478260869565216
2017-06-07,23,1,2017-12-11 21:54:46.956521728,2017-12-29,0.02876119227846293,0.043478260869565216
2017-06-14,23,0,2017-12-19 12:31:18.260869632,2018-01-05,0.02814533070984479,0.0
2017-06-21,23,0,2017-12-28 05:13:02.608695552,2018-01-12,0.02758791089134655,0.0
2017-06-28,23,0,2018-01-14 08:20:52.173913088,2018-01-19,0.027138739057892068,0.0
2017-07-05,23,0,2018-01-25 15:39:07.826086912,2018-01-26,0.026868101035509608,0.0
2017-07-12,23,0,2018-02-01 08:20:52.173913088,2018-02-02,0.026415225227753747,0.0
2017-07-19,23,0,2018-02-08 12:31:18.260869632,2018-02-09,0.025814212147780256,0.0
2017-07-26,23,0,2018-02-14 17:44:20.869565184,2018-02-16,0.025424828415073614,0.0
2017-08-03,23,0,2018-02-21 03:07:49.565217280,2018-02-25,0.025056150849340875,0.0
2017-08-10,23,0,2018-03-02 13:33:54.782608640,2018-03-04,0.024413112408894776,0.0
2017-08-17,23,0,2018-03-09 13:33:54.782608640,2018-03-11,0.024031045695989278,0.0
2017-08-24,23,0,2018-03-16 12:31:18.260869632,2018-03-18,0.02372320832316906,0.0
2017-08-31,23,0,2018-03-23 11:28:41.739130368,2018-03-25,0.02349994770358459,0.0
2017-09-07,23,0,2018-03-30 07:18:15.652173824,2018-03-30,0.023049457103539478,0.0
2017-09-14,23,0,2018-04-06 06:15:39.130434816,2018-04-06,0.0224406885116788,0.0
2017-09-21,23,0,2018-04-13 04:10:26.086956544,2018-04-13,0.02186010281820187,0.0
2017-09-28,23,0,2018-04-19 16:41:44.347826176,2018-04-20,0.02134671943772876,0.0
2017-10-05,23,0,2018-04-22 13:33:54.782608640,2018-04-09,0.020994468503257046,0.0
2017-10-12,23,0,2018-04-26 06:15:39.130434816,2018-04-08,0.02069442364922905,0.0
2017-10-19,23,0,2018-04-24 13:33:54.782608640,2018-04-09,0.02043618989037375,0.0
2017-10-26,23,0,2018-04-23 17:44:20.869565184,2018-04-11,0.02020869112068572,0.0
2017-11-02,23,0,2018-04-20 07:18:15.652173824,2018-04-11,0.01995689888392532,0.0
2017-11-09,23,0,2018-04-22 16:41:44.347826176,2018-04-12,0.01973510333065035,0.0
2017-11-16,23,0,2018-04-18 13:33:54.782608640,2018-04-09,0.019734060902410016,0.0
2017-11-23,23,0,2018-04-19 03:07:49.565217280,2018-04-08,0.01955310970177426,0.0
2017-11-30,23,0,2018-04-19 19:49:33.913043456,2018-04-12,0.0193166671351901,0.0
2017-12-07,23,0,2018-04-19 18:46:57.391304448,2018-05-04,0.019096258482268126,0.0
2017-12-14,23,0,2018-04-23 09:23:28.695652096,2018-05-07,0.01880069906924344,0.0
2017-12-21,23,0,2018-04-17 21:54:46.956521728,2018-03-07,0.018497256802161917,0.0
2018-01-03,23,0,2018-04-20 12:31:18.260869632,2018-05-15,0.018235461233904,0.0
2018-01-10,23,0,2018-04-13 17:44:20.869565184,2018-03-09,0.017938272133748937,0.0
2018-01-17,23,0,2018-04-17 01:02:36.521739008,2018-03-05,0.01762134903049801,0.0
2018-01-24,23,0,2018-04-20 01:02:36.521739008,2018-03-30,0.017361895251276155,0.0
2018-01-31,23,0,2018-04-25 09:23:28.695652096,2018-04-12,0.017100161982190696,0.0
2018-02-07,23,0,2018-04-19 07:18:15.652173824,2018-04-16,0.017450550397574566,0.0
2018-02-14,23,0,2018-04-21 00:00:00.000000000,2018-04-26,0.018520685683062386,0.0
2018-02-21,23,0,2018-04-24 03:07:49.565217280,2018-05-03,0.018747687367267625,0.0
2018-02-28,23,0,2018-05-05 17:44:20.869565184,2018-05-09,0.01884428503402074,0.0
2018-03-07,23,0,2018-06-04 12:31:18.260869632,2018-05-17,0.019902692897447352,0.0
2018-03-14,23,0,2018-06-11 09:23:28.695652096,2018-05-20,0.02014068700280058,0.0
2018-03-21,23,0,2018-06-15 07:18:15.652173824,2018-05-22,0.020366755948978254,0.0
2018-03-28,23,0,2018-07-01 12:31:18.260869632,2018-05-30,0.02112829683432841,0.0
2018-04-06,23,0,2018-07-31 17:44:20.869565184,2018-07-07,0.02144542471840406,0.0
2018-04-13,23,0,2018-08-19 04:10:26.086956544,2018-07-21,0.021430892522374255,0.0
2018-04-20,23,0,2018-09-13 00:00:00.000000000,2018-08-29,0.021171174667389412,0.0
2018-04-27,23,0,2018-09-18 08:20:52.173913088,2018-09-17,0.020933732088000825,0.0
2018-05-07,23,0,2018-10-15 10:26:05.217391360,2018-11-09,0.02062188607321675,0.0
2018-05-15,23,0,2018-10-27 22:57:23.478260992,2018-11-18,0.02037710022889976,0.0
2018-05-23,23,0,2018-11-06 08:20:52.173913088,2018-11-17,0.020154317101773112,0.0
2018-05-30,23,0,2018-11-04 19:49:33.913043456,2018-10-10,0.01986019847467285,0.0
2018-06-06,23,0,2018-11-09 22:57:23.478260992,2018-10-10,0.019630608147816704,0.0
2018-06-13,23,0,2018-11-21 03:07:49.565217280,2018-10-26,0.01940083558235232,0.0
2018-06-20,23,0,2018-11-28 15:39:07.826086912,2018-11-06,0.019274241153190538,0.0
2018-06-27,23,0,2018-12-15 12:31:18.260869632,2018-12-02,0.019161428839600227,0.0
2018-07-04,23,0,2018-12-25 08:20:52.173913088,2018-12-13,0.019072714802395176,0.0
2018-07-11,23,0,2018-12-28 15:39:07.826086912,2018-12-14,0.01893619501736154,0.0
2018-07-18,23,0,2018-12-15 08:20:52.173913088,2018-12-14,0.018815195549138016,0.0
2018-07-25,23,0,2018-12-19 12:31:18.260869632,2018-12-15,0.01859779693728724,0.0
2018-08-02,23,0,2018-12-27 03:07:49.565217280,2018-12-15,0.018405014802519548,0.0
2018-08-09,23,0,2018-12-27 22:57:23.478260992,2018-12-14,0.018217487513392593,0.0
2018-08-16,23,0,2018-12-17 08:20:52.173913088,2018-11-01,0.01814656729616038,0.0
2018-08-23,23,0,2018-12-30 16:41:44.347826176,2018-12-02,0.01802212992989298,0.0
2018-08-30,23,0,2018-12-21 04:10:26.086956544,2018-11-01,0.017855292865127003,0.0
2018-09-06,23,0,2018-12-23 17:44:20.869565184,2018-11-15,0.017792444335595795,0.0
2018-09-13,23,0,2018-12-29 06:15:39.130434816,2018-11-30,0.017884564311769456,0.0
2018-09-20,23,0,2019-01-05 01:02:36.521739008,2018-12-12,0.017862685029804082,0.0
2018-09-27,23,0,2019-01-19 01:02:36.521739008,2018-12-18,0.017770835524063566,0.0
2018-10-04,23,0,2019-01-06 02:05:13.043478272,2018-11-18,0.01767987448135818,0.0
2018-10-11,23,0,2019-01-08 06:15:39.130434816,2018-12-05,0.018123385623673507,0.0
2018-10-18,23,0,2019-01-09 13:33:54.782608640,2018-12-12,0.018990280422708714,0.0
2018-10-25,23,0,2019-01-05 01:02:36.521739008,2018-12-21,0.0202923401848062,0.0
2018-11-01,23,0,2018-12-15 06:15:39.130434816,2018-12-13,0.02110085863254857,0.0
2018-11-08,23,0,2018-12-11 22:57:23.478260992,2018-11-19,0.02117199374322536,0.0
2018-11-15,23,0,2018-12-30 16:41:44.347826176,2018-12-19,0.02126472592007467,0.0
2018-11-22,23,0,2019-01-05 06:15:39.130434816,2018-12-14,0.021715018423659235,0.0
2018-11-29,23,0,2019-01-19 07:18:15.652173824,2018-12-21,0.02187640897977332,0.0
2018-12-06,23,0,2019-02-03 17:44:20.869565184,2019-02-27,0.0221228166959569,0.0
2018-12-13,23,0,2019-02-23 04:10:26.086956544,2019-03-07,0.02277085774455689,0.0
2018-12-20,23,0,2019-02-22 01:02:36.521739008,2019-03-13,0.023304856673248976,0.0
2019-01-04,23,0,2019-03-13 17:44:20.869565184,2019-03-19,0.024549844806973725,0.0
2019-01-11,23,0,2019-03-12 16:41:44.347826176,2019-03-20,0.024626731299844475,0.0
2019-01-18,23,0,2019-03-13 17:44:20.869565184,2019-02-18,0.024576046068013554,0.0
2019-01-25,23,0,2019-04-08 20:52:10.434782720,2019-02-26,0.024419483876922297,0.0
2019-02-01,23,0,2019-04-27 04:10:26.086956544,2019-05-12,0.024146337930289172,0.0
2019-02-08,23,0,2019-07-12 14:36:31.304347904,2019-06-28,0.02378764485433089,0.0
2019-02-15,23,0,2019-09-01 17:44:20.869565184,2019-09-02,0.023324781135963056,0.0
2019-02-22,23,0,2019-09-05 13:33:54.782608640,2019-08-23,0.02324105224519979,0.0
2019-03-01,23,0,2019-09-04 07:18:15.652173824,2019-08-16,0.0233563281889702,0.0
2019-03-08,23,0,2019-09-14 07:18:15.652173824,2019-08-18,0.023204372401095016,0.0
2019-03-15,23,0,2019-09-12 19:49:33.913043456,2019-08-19,0.02313850294030051,0.0
2019-03-22,23,0,2019-09-20 05:13:02.608695552,2019-08-28,0.023243795503500864,0.0
2019-03-29,23,0,2019-10-01 03:07:49.565217280,2019-09-06,0.022953303533228518,0.0
2019-04-05,23,0,2019-10-13 13:33:54.782608640,2019-09-29,0.02331181339709345,0.0
2019-04-12,23,0,2019-10-24 02:05:13.043478272,2019-10-16,0.023326785127475696,0.0
2019-04-23,23,0,2019-11-09 13:33:54.782608640,2019-11-06,0.02327900833081806,0.0
2019-04-30,23,0,2019-11-19 18:46:57.391304448,2019-11-23,0.02326088619595565,0.0
2019-05-08,23,0,2019-11-28 11:28:41.739130368,2019-12-01,0.02296027331229315,0.0
2019-05-15,23,0,2019-12-02 09:23:28.695652096,2019-12-08,0.02262500599058427,0.0
2019-05-22,23,0,2019-12-07 03:07:49.565217280,2019-12-15,0.022335483064533635,0.0
2019-05-29,23,0,2019-12-09 05:13:02.608695552,2019-12-21,0.02210824173889349,0.0
2019-06-06,23,0,2019-12-02 17:44:20.869565184,2019-12-13,0.021916787072196214,0.0
2019-06-14,23,0,2019-11-30 12:31:18.260869632,2019-12-19,0.021827355684067178,0.0
2019-06-21,23,0,2019-12-06 22:57:23.478260992,2019-12-27,0.021817441886122807,0.0
2019-06-28,23,0,2019-12-10 04:10:26.086956544,2020-01-01,0.021751363608701543,0.0
2019-07-05,23,0,2019-12-18 14:36:31.304347904,2020-01-14,0.021843825143643927,0.0
2019-07-12,23,0,2019-12-23 19:49:33.913043456,2020-01-22,0.02167450564632639,0.0
2019-07-19,23,0,2019-12-24 13:33:54.782608640,2020-01-29,0.021480898323396967,0.0
2019-07-26,23,0,2019-12-31 21:54:46.956521728,2020-02-09,0.02137316245264635,0.0
2019-08-05,23,0,2020-01-02 14:36:31.304347904,2020-02-20,0.021309972739441053,0.0
2019-08-12,23,0,2019-12-31 16:41:44.347826176,2020-02-25,0.0214069806536472,0.0
2019-08-19,23,0,2019-12-31 17:44:20.869565184,2020-02-23,0.02157450799593685,0.0
2019-08-26,23,0,2020-01-04 14:36:31.304347904,2020-02-25,0.02166508965220505,0.0
2019-09-02,23,0,2020-01-06 02:05:13.043478272,2020-03-01,0.021690957689207754,0.0
2019-09-09,23,0,2019-12-23 19:49:33.913043456,2020-01-09,0.021627265757924268,0.0
2019-09-16,23,0,2020-01-15 01:02:36.521739008,2020-01-22,0.021938873575868035,0.0
2019-09-23,23,0,2020-01-05 05:13:02.608695552,2019-12-23,0.021828381300262715,0.0
2019-09-30,23,0,2020-01-18 00:00:00.000000000,2019-12-26,0.021835820498785373,0.0
2019-10-07,23,0,2020-01-28 19:49:33.913043456,2019-12-28,0.021848667716900895,0.0
2019-10-14,23,0,2020-01-28 08:20:52.173913088,2019-12-28,0.021773283988144584,0.0
2019-10-21,23,0,2020-02-10 06:15:39.130434816,2020-01-03,0.02179424474449732,0.0
2019-10-28,23,0,2020-02-21 07:18:15.652173824,2020-01-13,0.021771237834670748,0.0
2019-11-04,23,0,2020-03-05 02:05:13.043478272,2020-01-15,0.0218021912764662,0.0
2019-11-11,23,0,2020-02-24 05:13:02.608695552,2020-01-19,0.021963822287960143,0.0
2019-11-18,23,0,2020-02-23 21:54:46.956521728,2020-01-29,0.022042053698521785,0.0
2019-11-25,23,0,2020-02-28 13:33:54.782608640,2020-02-02,0.022039793209845494,0.0
2019-12-02,23,0,2020-03-07 10:26:05.217391360,2020-02-07,0.022056032654001266,0.0
2019-12-09,23,0,2020-03-19 09:23:28.695652096,2020-02-12,0.022040112296443894,0.0
2019-12-16,23,0,2020-03-10 03:07:49.565217280,2020-02-15,0.022187824016512425,0.0
2019-12-23,23,0,2020-04-01 11:28:41.739130368,2020-02-25,0.022504158647727406,0.0
2020-01-07,23,0,2020-04-13 16:41:44.347826176,2020-02-01,0.02287736611753138,0.0
2020-01-14,23,0,2020-03-23 20:52:10.434782720,2020-01-26,0.02292644537608341,0.0
2020-01-21,23,0,2020-03-17 05:13:02.608695552,2020-01-22,0.023071912523157743,0.0
2020-01-28,23,0,2020-03-29 11:28:41.739130368,2020-02-17,0.023112543323660677,0.0
2020-02-04,23,0,2020-03-28 10:26:05.217391360,2020-02-16,0.023001174334113517,0.0
2020-02-11,23,0,2020-03-30 12:31:18.260869632,2020-02-14,0.022984916984619373,0.0
2020-02-18,23,0,2020-03-29 13:33:54.782608640,2020-02-19,0.02305668689101247,0.0
2020-02-25,23,0,2020-05-02 11:28:41.739130368,2020-03-19,0.023226283745835047,0.0
2020-03-03,23,0,2020-06-13 03:07:49.565217280,2020-06-05,0.02517554058408433,0.0
2020-03-10,23,0,2020-07-22 19:49:33.913043456,2020-06-30,0.029712708068795085,0.0
2020-03-17,23,0,2020-09-15 17:44:20.869565184,2020-08-24,0.044082799295643744,0.0
2020-03-24,23,0,2020-10-12 04:10:26.086956544,2020-10-17,0.05385814615942015,0.0
2020-03-31,23,0,2020-10-19 16:41:44.347826176,2020-10-24,0.056165877816537646,0.0
2020-04-07,23,0,2020-10-27 10:26:05.217391360,2020-10-31,0.05744563015905431,0.0
2020-04-16,23,0,2020-11-06 16:41:44.347826176,2020-11-09,0.05754315235366137,0.0
2020-04-23,23,0,2020-11-14 19:49:33.913043456,2020-11-16,0.057049784050030784,0.0
2020-04-30,23,0,2020-11-22 07:18:15.652173824,2020-11-23,0.055953347504712106,0.0
2020-05-08,23,0,2020-11-29 07:18:15.652173824,2020-12-02,0.05484704579530053,0.0
2020-05-15,23,0,2020-12-04 08:20:52.173913088,2020-12-09,0.054040998623298614,0.0
2020-05-25,23,0,2020-12-11 11:28:41.739130368,2020-12-20,0.05322181192782634,0.0
2020-06-02,23,0,2020-12-16 07:18:15.652173824,2020-12-28,0.052768704658240136,0.0
2020-06-09,23,0,2020-12-15 14:36:31.304347904,2021-01-04,0.052882161374245354,0.0
2020-06-16,23,0,2020-12-12 22:57:23.478260992,2021-01-11,0.052647750715062,0.0
2020-06-23,23,0,2020-12-11 12:31:18.260869632,2021-01-10,0.052496866535778314,0.0
2020-06-30,23,0,2020-12-12 12:31:18.260869632,2021-01-10,0.052341516966515615,0.0
2020-07-07,23,0,2020-12-14 04:10:26.086956544,2021-01-08,0.05238186635311044,0.0
2020-07-14,23,0,2020-12-17 03:07:49.565217280,2021-01-09,0.052455549412116095,0.0
2020-07-21,23,0,2020-12-21 05:13:02.608695552,2021-01-07,0.05265704715142701,0.0
2020-07-28,23,0,2020-12-25 22:57:23.478260992,2021-01-06,0.052746949600044044,0.0
2020-08-04,23,0,2020-12-30 16:41:44.347826176,2021-01-07,0.05278710208782402,0.0
2020-08-11,23,0,2021-01-04 01:02:36.521739008,2021-01-13,0.052979969908539724,0.0
2020-08-18,23,0,2021-01-09 01:02:36.521739008,2021-01-13,0.05322674693811668,0.0
2020-08-25,23,0,2021-01-10 15:39:07.826086912,2021-01-11,0.05343656313931433,0.0
2020-09-01,23,0,2021-01-14 21:54:46.956521728,2021-01-13,0.05361110884515101,0.0
2020-09-08,23,0,2021-01-15 13:33:54.782608640,2021-01-16,0.05364402842714133,0.0
2020-09-15,23,0,2021-01-17 07:18:15.652173824,2021-01-20,0.05369471014281206,0.0
2020-09-22,23,0,2021-01-18 21:54:46.956521728,2021-01-22,0.053710493702360966,0.0
2020-09-29,23,0,2021-01-23 10:26:05.217391360,2021-01-24,0.053637601238900705,0.0
2020-10-06,23,0,2021-01-26 05:13:02.608695552,2021-01-29,0.05375153086841395,0.0
2020-10-13,23,0,2021-01-30 05:13:02.608695552,2021-02-07,0.053989633464982686,0.0
2020-10-20,23,0,2021-01-29 16:41:44.347826176,2021-02-15,0.054107735523739375,0.0
2020-10-27,23,0,2021-02-05 22:57:23.478260992,2021-02-21,0.05399609238350781,0.0
2020-11-03,23,0,2021-02-11 16:41:44.347826176,2021-02-26,0.05398175563060597,0.0
2020-11-10,23,0,2021-02-13 18:46:57.391304448,2021-03-03,0.05441042936829879,0.0
2020-11-17,23,0,2021-02-01 21:54:46.956521728,2021-01-12,0.05510393890412011,0.0
2020-11-24,23,0,2021-02-20 16:41:44.347826176,2021-01-14,0.05561133303978289,0.0
2020-12-01,23,0,2021-03-23 16:41:44.347826176,2021-02-13,0.05613859542978227,0.0
2020-12-08,23,0,2021-02-28 21:54:46.956521728,2021-01-22,0.0562160922468966,0.0
2020-12-15,23,0,2021-03-11 02:05:13.043478272,2021-02-14,0.056220456509328005,0.0
2020-12-22,23,0,2021-04-18 00:00:00.000000000,2021-03-14,0.05620769028330369,0.0
2021-01-04,23,0,2021-04-29 10:26:05.217391360,2021-03-11,0.05630577115998574,0.0
2021-01-11,23,0,2021-06-01 05:13:02.608695552,2021-07-05,0.05643919976318538,0.0
2021-01-18,23,0,2021-06-04 21:54:46.956521728,2021-04-26,0.05638068352359496,0.0
2021-01-25,23,0,2021-06-17 07:18:15.652173824,2021-05-14,0.05623388016319455,0.0
2021-02-01,23,0,2021-06-19 07:18:15.652173824,2021-05-12,0.05556412554779596,0.0
2021-02-08,23,0,2021-06-23 09:23:28.695652096,2021-05-15,0.055291281848193326,0.0
2021-02-15,23,0,2021-07-11 08:20:52.173913088,2021-09-09,0.054836696883277664,0.0
2021-02-22,23,0,2021-07-16 03:07:49.565217280,2021-09-16,0.05450423484131828,0.0
2021-03-01,23,0,2021-07-22 02:05:13.043478272,2021-09-23,0.053880969920619484,0.0
2021-03-08,23,0,2021-07-31 08:20:52.173913088,2021-09-30,0.05354367653126587,0.0
2021-03-15,23,0,2021-08-11 14:36:31.304347904,2021-10-07,0.05307720309295476,0.0
2021-03-22,23,0,2021-08-07 04:10:26.086956544,2021-07-28,0.05276545619797335,0.0
2021-03-29,23,0,2021-08-06 12:31:18.260869632,2021-05-11,0.05212179502803764,0.0
2021-04-07,23,0,2021-08-17 09:23:28.695652096,2021-05-29,0.051850933381144715,0.0
2021-04-14,23,0,2021-08-27 03:07:49.565217280,2021-08-24,0.051340024772864784,0.0
2021-04-21,23,0,2021-09-01 09:23:28.695652096,2021-08-26,0.051038000855237964,0.0
2021-04-28,23,0,2021-09-02 16:41:44.347826176,2021-05-02,0.050456969797859526,0.0
2021-05-05,23,0,2021-09-12 05:13:02.608695552,2021-07-07,0.05006548420944854,0.0
2021-05-12,23,0,2021-10-01 07:18:15.652173824,2021-09-01,0.049479917783000066,0.0
2021-05-20,23,0,2021-10-09 20:52:10.434782720,2021-09-06,0.04904473256358946,0.0
2021-05-28,23,0,2021-10-12 13:33:54.782608640,2021-09-04,0.04843309893549512,0.0
2021-06-04,23,0,2021-10-17 18:46:57.391304448,2021-09-11,0.04805825365667032,0.0
2021-06-11,23,0,2021-10-27 22:57:23.478260992,2021-09-17,0.04746148315397338,0.0
2021-06-18,23,0,2021-10-25 12:31:18.260869632,2021-09-15,0.04713154859165994,0.0
2021-06-25,23,0,2021-11-02 19:49:33.913043456,2021-09-13,0.046495092588445974,0.0
2021-07-02,23,0,2021-11-09 11:28:41.739130368,2021-09-13,0.046061071103550774,0.0
2021-07-09,23,0,2021-11-21 00:00:00.000000000,2021-09-17,0.04542045253845845,0.0
2021-07-16,23,0,2021-11-27 04:10:26.086956544,2021-09-25,0.044992710223144015,0.0
2021-07-23,23,0,2021-11-19 02:05:13.043478272,2021-08-25,0.044703589863635027,0.0
2021-07-30,23,0,2021-11-22 16:41:44.347826176,2021-08-31,0.044344269646525165,0.0
2021-08-06,23,0,2021-12-07 17:44:20.869565184,2021-08-27,0.04368662663714242,0.0
2021-08-13,23,0,2021-12-03 12:31:18.260869632,2021-08-29,0.04338062442593293,0.0
2021-08-20,23,0,2021-12-09 11:28:41.739130368,2021-09-15,0.042860686819318684,0.0
2021-08-27,23,0,2021-12-19 10:26:05.217391360,2021-09-22,0.04231325866992848,0.0
2021-09-03,23,0,2021-12-27 15:39:07.826086912,2021-09-20,0.04167182560781255,0.0
2021-09-10,23,0,2022-01-25 12:31:18.260869632,2021-12-18,0.0414716622195161,0.0
2021-09-17,23,0,2022-02-09 05:13:02.608695552,2022-03-30,0.041244615405026164,0.0
2021-09-24,23,0,2022-02-20 14:36:31.304347904,2022-04-16,0.04103643077705641,0.0
2021-10-01,23,0,2022-03-31 09:23:28.695652096,2022-04-23,0.04080354330194594,0.0
2021-10-08,23,1,2022-04-03 05:13:02.608695552,2022-04-30,0.040769973164620096,0.043478260869565216
2021-10-15,23,0,2022-04-21 04:10:26.086956544,2022-05-07,0.04023945981049132,0.0
2021-10-22,23,0,2022-04-27 21:54:46.956521728,2022-05-14,0.0395081357811281,0.0
2021-10-29,23,0,2022-05-14 04:10:26.086956544,2022-05-21,0.03869389297968377,0.0
2021-11-05,23,0,2022-05-12 00:00:00.000000000,2022-05-08,0.038152125140420066,0.0
2021-11-12,23,0,2022-05-26 20:52:10.434782720,2022-05-25,0.03759399035723422,0.0
2021-11-19,23,0,2022-06-01 00:00:00.000000000,2022-05-27,0.03694340117110552,0.0
2021-11-26,23,0,2022-06-08 16:41:44.347826176,2022-06-07,0.03638571139302332,0.0
2021-12-03,23,0,2022-06-13 21:54:46.956521728,2022-06-15,0.03645321041574678,0.0
2021-12-10,23,0,2022-06-20 03:07:49.565217280,2022-06-21,0.03597962643687796,0.0
2021-12-17,23,0,2022-06-20 18:46:57.391304448,2022-06-28,0.035471545290059574,0.0
2021-12-27,23,0,2022-07-09 02:05:13.043478272,2022-07-19,0.03475036274569192,0.0
2022-01-04,23,0,2022-06-24 19:49:33.913043456,2022-06-28,0.03430288590404427,0.0
2022-01-11,23,0,2022-06-12 19:49:33.913043456,2022-06-25,0.033833078228917526,0.0
2022-01-18,23,0,2022-06-14 20:52:10.434782720,2022-07-02,0.03320776990920454,0.0
2022-01-25,23,0,2022-07-14 01:02:36.521739008,2022-07-28,0.03308697579768917,0.0
2022-02-01,23,0,2022-07-30 01:02:36.521739008,2022-08-04,0.03322116489308541,0.0
2022-02-08,23,0,2022-08-06 08:20:52.173913088,2022-08-20,0.033291161374986486,0.0
2022-02-15,23,0,2022-08-16 14:36:31.304347904,2022-09-06,0.033039874385367894,0.0
2022-02-22,23,0,2022-08-21 08:20:52.173913088,2022-09-13,0.03302338842036257,0.0
2022-03-01,23,0,2022-08-31 09:23:28.695652096,2022-09-20,0.03413738681142771,0.0
2022-03-08,23,0,2022-09-05 01:02:36.521739008,2022-09-27,0.03707457163394514,0.0
2022-03-15,23,0,2022-09-18 19:49:33.913043456,2022-10-04,0.038120149786421816,0.0
2022-03-22,23,0,2022-09-19 19:49:33.913043456,2022-10-11,0.037491098741332975,0.0
2022-03-29,23,0,2022-10-13 03:07:49.565217280,2022-10-18,0.036638475069488766,0.0
2022-04-05,23,0,2022-10-25 07:18:15.652173824,2022-10-25,0.035623726809343,0.0
2022-04-12,23,0,2022-10-31 16:41:44.347826176,2022-11-01,0.03459038296327913,0.0
2022-04-21,23,0,2022-11-09 01:02:36.521739008,2022-11-10,0.033194590037137726,0.0
2022-04-28,23,0,2022-11-14 21:54:46.956521728,2022-11-17,0.03307537936584011,0.0
2022-05-05,23,0,2022-11-19 16:41:44.347826176,2022-11-24,0.032884981875984674,0.0
2022-05-12,23,0,2022-11-25 15:39:07.826086912,2022-12-01,0.03354270175010532,0.0
2022-05-19,23,0,2022-11-28 08:20:52.173913088,2022-12-08,0.03314234614581237,0.0
2022-05-27,23,0,2022-12-05 17:44:20.869565184,2022-12-17,0.03281278072602769,0.0
2022-06-03,23,0,2022-12-12 09:23:28.695652096,2022-12-24,0.03222975572112339,0.0
2022-06-13,23,0,2022-12-17 22:57:23.478260992,2023-01-04,0.03171566827895422,0.0
2022-06-20,23,0,2022-12-24 03:07:49.565217280,2023-01-11,0.03272010969176719,0.0
2022-06-27,23,0,2022-12-24 05:13:02.608695552,2023-01-18,0.03338425524612794,0.0
2022-07-04,23,0,2022-12-30 21:54:46.956521728,2023-01-25,0.0336964584634915,0.0
2022-07-11,23,0,2023-01-06 05:13:02.608695552,2023-02-01,0.03358337780220757,0.0
2022-07-18,23,0,2023-01-08 21:54:46.956521728,2023-02-08,0.033310208530264805,0.0
2022-07-25,23,0,2023-01-22 05:13:02.608695552,2023-02-15,0.03280096174130885,0.0
2022-08-02,23,0,2023-02-10 10:26:05.217391360,2023-02-23,0.03198088596334734,0.0
2022-08-09,23,0,2023-02-24 03:07:49.565217280,2023-03-02,0.030918767879861874,0.0
2022-08-16,23,0,2023-03-04 06:15:39.130434816,2023-03-09,0.029955496469693768,0.0
2022-08-23,23,0,2023-03-10 20:52:10.434782720,2023-03-16,0.029365294181778964,0.0
2022-08-30,23,0,2023-03-21 22:57:23.478260992,2023-03-23,0.028900976826360714,0.0
2022-09-06,23,0,2023-03-26 14:36:31.304347904,2023-03-28,0.028737033569000033,0.0
2022-09-13,23,0,2023-03-25 19:49:33.913043456,2023-04-04,0.028234634090656293,0.0
2022-09-20,23,0,2023-04-02 06:15:39.130434816,2023-04-11,0.028378000049214463,0.0
2022-09-27,23,0,2023-03-29 08:20:52.173913088,2023-04-18,0.02928217141316338,0.0
2022-10-04,23,0,2023-03-28 09:23:28.695652096,2023-04-25,0.029923254119813877,0.0
2022-10-11,23,0,2023-04-01 11:28:41.739130368,2023-05-02,0.03015157097426193,0.0
2022-10-18,23,0,2023-03-29 12:31:18.260869632,2023-05-09,0.0304521466795226,0.0
2022-10-25,23,0,2023-03-31 10:26:05.217391360,2023-05-16,0.030315429314851677,0.0
2022-11-01,23,0,2023-03-27 21:54:46.956521728,2022-12-29,0.02987563381503216,0.0
2022-11-08,23,0,2023-04-02 05:13:02.608695552,2022-12-29,0.029594019633887348,0.0
2022-11-15,23,0,2023-04-12 03:07:49.565217280,2023-02-08,0.029903612260195705,0.0
2022-11-22,23,0,2023-04-22 14:36:31.304347904,2023-02-28,0.030121582430846876,0.0
2022-11-29,23,0,2023-05-10 08:20:52.173913088,2023-06-20,0.030336876184250537,0.0
2022-12-06,23,0,2023-05-28 19:49:33.913043456,2023-06-26,0.030677519453806524,0.0
2022-12-13,23,0,2023-06-16 10:26:05.217391360,2023-07-03,0.030882718939740653,0.0
2022-12-20,23,0,2023-06-30 20:52:10.434782720,2023-07-10,0.03077925706605456,0.0
2022-12-28,23,0,2023-07-10 10:26:05.217391360,2023-07-19,0.03053438699744149,0.0
2023-01-05,23,0,2023-07-26 10:26:05.217391360,2023-07-27,0.030088278368060214,0.0
2023-01-12,23,0,2023-07-24 03:07:49.565217280,2023-08-03,0.030280343765135526,0.0
2023-01-19,23,0,2023-08-04 16:41:44.347826176,2023-08-10,0.030429881780861454,0.0
2023-01-26,23,0,2023-08-10 10:26:05.217391360,2023-08-16,0.03048524795670605,0.0
2023-02-02,23,0,2023-08-22 12:31:18.260869632,2023-08-23,0.030154550745266333,0.0
2023-02-09,23,0,2023-08-28 17:44:20.869565184,2023-08-30,0.0300780138437781,0.0
2023-02-16,23,0,2023-09-07 03:07:49.565217280,2023-09-06,0.029853040815886356,0.0
2023-02-23,23,0,2023-09-09 19:49:33.913043456,2023-09-13,0.029556845072739837,0.0
2023-03-02,23,0,2023-09-21 00:00:00.000000000,2023-09-20,0.029183126354357564,0.0
2023-03-09,23,0,2023-09-23 16:41:44.347826176,2023-09-27,0.0289007844834915,0.0
2023-03-16,23,0,2023-10-04 00:00:00.000000000,2023-10-04,0.028595248842515,0.0
2023-03-23,23,0,2023-09-30 00:00:00.000000000,2023-10-11,0.028144555915327704,0.0
2023-03-30,23,0,2023-09-30 10:26:05.217391360,2023-10-18,0.027703185635675715,0.0
2023-04-06,23,0,2023-10-05 10:26:05.217391360,2023-10-25,0.02764583577151267,0.0
2023-04-17,23,0,2023-10-14 03:07:49.565217280,2023-11-07,0.02770922638848161,0.0
2023-04-24,23,0,2023-10-24 03:07:49.565217280,2023-11-14,0.027689890782611193,0.0
2023-05-02,23,0,2023-10-26 12:31:18.260869632,2023-11-22,0.027462953207473374,0.0
2023-05-09,23,0,2023-11-01 22:57:23.478260992,2023-11-29,0.027449244472559177,0.0
2023-05-16,23,0,2023-11-05 09:23:28.695652096,2023-12-06,0.027447572116338283,0.0
2023-05-24,23,0,2023-11-16 12:31:18.260869632,2023-12-14,0.027347015580852715,0.0
2023-06-01,23,0,2023-11-26 00:00:00.000000000,2023-12-23,0.027116475442136048,0.0
2023-06-08,23,0,2023-11-25 05:13:02.608695552,2023-12-30,0.027083397009839697,0.0
2023-06-15,23,0,2023-12-02 21:54:46.956521728,2024-01-06,0.027031370085204377,0.0
2023-06-22,23,0,2023-12-11 00:00:00.000000000,2024-01-13,0.026950226432380736,0.0
2023-06-29,23,0,2023-12-22 06:15:39.130434816,2024-01-20,0.026896644841699128,0.0
2023-07-06,23,0,2023-12-31 17:44:20.869565184,2024-01-27,0.026957649901247518,0.0
2023-07-13,23,0,2024-01-10 10:26:05.217391360,2024-02-03,0.026979499712394196,0.0
2023-07-20,23,0,2024-01-20 00:00:00.000000000,2024-02-10,0.02696387645353531,0.0
2023-07-27,23,0,2024-01-28 07:18:15.652173824,2024-02-17,0.02694541426263413,0.0
2023-08-04,23,0,2024-02-03 11:28:41.739130368,2024-02-25,0.026954601733946152,0.0
2023-08-11,23,0,2024-02-13 08:20:52.173913088,2024-03-03,0.02688887801844796,0.0
2023-08-18,23,0,2024-02-16 11:28:41.739130368,2024-03-10,0.026871580521829107,0.0
2023-08-25,23,0,2024-02-22 12:31:18.260869632,2024-02-07,0.02683251314263166,0.0
2023-09-01,23,0,2024-02-18 17:44:20.869565184,2024-02-06,0.026656441816351,0.0
2023-09-08,23,0,2024-02-07 02:05:13.043478272,2024-02-01,0.026447990444872376,0.0
2023-09-15,23,0,2024-01-28 11:28:41.739130368,2024-02-05,0.026286236849947624,0.0
2023-09-22,23,0,2024-01-29 09:23:28.695652096,2024-02-03,0.026122441465727595,0.0
2023-09-29,23,0,2024-02-02 19:49:33.913043456,2024-02-12,0.026192039362296936,0.0
2023-10-06,23,0,2024-02-28 22:57:23.478260992,2024-03-14,0.02640129278913661,0.0
2023-10-13,23,0,2024-03-18 13:33:54.782608640,2024-03-26,0.026206294993555115,0.0
2023-10-20,23,0,2024-04-11 22:57:23.478260992,2024-04-12,0.02617609651474029,0.0
2023-10-27,23,0,2024-05-06 11:28:41.739130368,2024-05-18,0.026432610111872614,0.0
2023-11-03,23,0,2024-05-04 01:02:36.521739008,2024-05-25,0.026493757952336133,0.0
2023-11-10,23,0,2024-05-22 01:02:36.521739008,2024-06-01,0.026046377787240765,0.0
2023-11-17,23,0,2024-06-03 10:26:05.217391360,2024-06-08,0.025579310611294613,0.0
2023-11-24,23,0,2024-06-02 05:13:02.608695552,2024-06-05,0.025233775817822844,0.0
2023-12-01,23,0,2024-06-04 15:39:07.826086912,2024-06-02,0.02498131584988039,0.0
2023-12-08,23,0,2024-06-05 22:57:23.478260992,2024-06-09,0.024783075237243584,0.0
2023-12-15,23,0,2024-06-08 22:57:23.478260992,2024-06-06,0.024608806347144255,0.0
2023-12-22,23,0,2024-06-12 11:28:41.739130368,2024-06-13,0.024410119704367267,0.0
2024-01-04,23,0,2024-06-23 21:54:46.956521728,2024-06-28,0.024075316768443485,0.0
2024-01-11,23,0,2024-06-30 07:18:15.652173824,2024-07-04,0.023757803246516992,0.0
2024-01-18,23,0,2024-07-05 06:15:39.130434816,2024-07-11,0.02348265683355066,0.0
2024-01-25,23,0,2024-07-09 14:36:31.304347904,2024-07-18,0.023234829564520446,0.0
2024-02-01,23,0,2024-07-20 06:15:39.130434816,2024-07-29,0.02311358356542702,0.0
2024-02-08,23,0,2024-08-01 21:54:46.956521728,2024-08-09,0.02293847759519357,0.0
2024-02-15,23,0,2024-08-12 17:44:20.869565184,2024-08-20,0.02274836760588539,0.0
2024-02-22,23,0,2024-08-25 19:49:33.913043456,2024-09-08,0.02269544572935387,0.0
2024-02-29,23,0,2024-09-07 13:33:54.782608640,2024-09-20,0.022666721103363995,0.0
2024-03-07,23,0,2024-09-15 21:54:46.956521728,2024-09-27,0.02262988758990503,0.0
2024-03-14,23,0,2024-09-26 15:39:07.826086912,2024-10-04,0.022658664404466226,0.0
2024-03-21,23,0,2024-10-01 09:23:28.695652096,2024-10-11,0.02265793578882457,0.0
2024-03-28,23,0,2024-10-09 09:23:28.695652096,2024-10-18,0.02270452283527195,0.0
2024-04-08,23,0,2024-10-21 12:31:18.260869632,2024-10-30,0.022569522946830102,0.0
2024-04-15,23,0,2024-10-27 22:57:23.478260992,2024-11-06,0.022363228743664344,0.0
2024-04-22,23,0,2024-11-06 16:41:44.347826176,2024-11-13,0.02215120649654671,0.0
2024-04-29,23,0,2024-11-12 17:44:20.869565184,2024-11-20,0.022003818430306347,0.0
2024-05-07,23,0,2024-11-15 12:31:18.260869632,2024-11-27,0.021888223380029718,0.0
2024-05-15,23,0,2024-11-27 06:15:39.130434816,2024-12-06,0.022149836762996623,0.0
2024-05-23,23,0,2024-10-28 16:41:44.347826176,2024-11-17,0.0222958837267607,0.0
2024-05-30,23,0,2024-09-29 12:31:18.260869632,2024-10-26,0.02207699884619332,0.0
2024-06-06,23,0,2024-09-27 14:36:31.304347904,2024-11-02,0.02189239271731283,0.0
2024-06-13,23,0,2024-09-28 06:15:39.130434816,2024-10-29,0.0216945804643616,0.0
2024-06-20,23,0,2024-10-08 19:49:33.913043456,2024-11-05,0.021504447097365313,0.0
2024-06-27,23,0,2024-10-18 01:02:36.521739008,2024-11-12,0.02128594356023011,0.0
2024-07-04,23,0,2024-11-09 06:15:39.130434816,2024-11-29,0.02112683522366925,0.0
2024-07-11,23,0,2024-11-26 22:57:23.478260992,2024-12-06,0.020933511632614605,0.0
2024-07-18,23,0,2024-12-17 00:00:00.000000000,2024-12-23,0.020685918344081074,0.0
2024-07-25,23,0,2025-01-04 10:26:05.217391360,2025-01-09,0.02043178419824631,0.0
2024-08-02,23,0,2025-01-14 01:02:36.521739008,2025-01-17,0.02022500414883815,0.0
2024-08-09,23,0,2025-01-26 05:13:02.608695552,2025-01-24,0.020707389282799204,0.0
2024-08-16,23,0,2025-02-10 20:52:10.434782720,2025-02-09,0.020486100311076783,0.0
2024-08-23,23,0,2025-02-17 12:31:18.260869632,2025-02-16,0.02009186794075034,0.0
2024-08-30,23,0,2025-02-24 04:10:26.086956544,2025-02-23,0.019669930834626544,0.0
2024-09-06,23,0,2025-03-11 14:36:31.304347904,2025-03-12,0.019407804756249196,0.0
2024-09-13,23,0,2025-03-16 02:05:13.043478272,2025-03-19,0.01922046656522292,0.0
2024-09-20,23,0,2025-03-22 08:20:52.173913088,2025-03-26,0.018917577646787934,0.0
2024-09-27,23,0,2025-04-08 17:44:20.869565184,2025-04-11,0.01852062786794063,0.0
2024-10-04,23,0,2025-04-15 16:41:44.347826176,2025-04-18,0.018289082659057387,0.0
2024-10-11,23,0,2025-04-22 17:44:20.869565184,2025-04-25,0.018092914246104902,0.0
2024-10-18,23,0,2025-04-29 20:52:10.434782720,2025-05-02,0.017867469842256407,0.0
2024-10-25,23,0,2025-05-14 07:18:15.652173824,2025-05-18,0.01773934987224966,0.0
2024-11-01,23,0,2025-05-19 16:41:44.347826176,2025-05-25,0.01801306842409387,0.0
2024-11-08,23,0,2025-05-21 14:36:31.304347904,2025-06-01,0.018429775142556556,0.0
2024-11-15,23,0,2025-05-27 05:13:02.608695552,2025-06-08,0.018940903119247256,0.0
2024-11-22,23,0,2025-05-13 21:54:46.956521728,2025-06-06,0.01940261910059189,0.0
2024-11-29,23,0,2025-05-02 08:20:52.173913088,2025-06-02,0.019519083451862696,0.0
2024-12-06,23,0,2025-05-13 05:13:02.608695552,2025-06-08,0.019285540963484775,0.0
2024-12-13,23,0,2025-05-15 02:05:13.043478272,2025-06-06,0.01896706420823156,0.0
2024-12-20,23,0,2025-05-08 01:02:36.521739008,2025-05-25,0.019013965550526816,0.0
2025-01-06,23,0,2025-06-03 21:54:46.956521728,2025-06-24,0.01902056138834402,0.0
2025-01-13,23,0,2025-06-07 19:49:33.913043456,2025-06-21,0.018923718467344867,0.0
2025-01-20,23,0,2025-06-22 06:15:39.130434816,2025-07-08,0.018725572055498692,0.0
2025-01-27,23,0,2025-06-28 08:20:52.173913088,2025-07-15,0.018480524649360036,0.0
2025-02-03,23,0,2025-07-09 18:46:57.391304448,2025-07-22,0.018321898917237255,0.0
2025-02-10,23,0,2025-07-22 16:41:44.347826176,2025-08-07,0.01824415016778812,0.0
2025-02-17,23,0,2025-07-26 14:36:31.304347904,2025-08-14,0.018276016717969672,0.0
2025-02-24,23,0,2025-08-06 03:07:49.565217280,2025-08-19,0.018221016620713126,0.0
2025-03-03,23,0,2025-08-31 13:33:54.782608640,2025-09-06,0.01809003733981881,0.0
2025-03-10,23,0,2025-09-16 03:07:49.565217280,2025-09-13,0.01779719938604769,0.0
2025-03-17,23,0,2025-09-13 03:07:49.565217280,2025-09-11,0.017603668012710273,0.0
2025-03-24,23,0,2025-09-27 17:44:20.869565184,2025-09-21,0.017349085684189147,0.0
2025-03-31,23,0,2025-09-29 16:41:44.347826176,2025-09-25,0.01724946574069387,0.0
2025-04-07,23,0,2025-09-22 14:36:31.304347904,2025-08-05,0.019269996005201913,0.0
2025-04-14,23,0,2025-08-15 00:00:00.000000000,2025-07-18,0.022337138718681173,0.0
2025-04-23,23,0,2025-08-26 09:23:28.695652096,2025-07-16,0.022757860773443904,0.0
2025-04-30,23,0,2025-09-01 16:41:44.347826176,2025-08-01,0.022718896779229586,0.0
2025-05-08,23,0,2025-08-27 13:33:54.782608640,2025-07-20,0.02253273335286131,0.0
2025-05-15,23,0,2025-08-28 19:49:33.913043456,2025-07-26,0.02236696158220243,0.0
2025-05-22,23,0,2025-08-28 21:54:46.956521728,2025-07-28,0.02223450888958509,0.0
2025-05-30,23,0,2025-08-28 15:39:07.826086912,2025-07-25,0.022134888920584014,0.0
2025-06-06,23,0,2025-08-20 11:28:41.739130368,2025-07-22,0.021942936528714683,0.0
2025-06-16,23,0,2025-08-21 16:41:44.347826176,2025-07-26,0.021781994939354336,0.0
2025-06-23,23,0,2025-08-26 09:23:28.695652096,2025-07-31,0.021681670519735984,0.0
2025-06-30,23,0,2025-08-31 17:44:20.869565184,2025-08-06,0.021594493376083844,0.0
2025-07-07,23,0,2025-08-27 02:05:13.043478272,2025-08-13,0.021468940405689165,0.0
2025-07-14,23,0,2025-08-31 03:07:49.565217280,2025-08-12,0.021339487159643452,0.0
2025-07-21,23,0,2025-08-30 08:20:52.173913088,2025-08-09,0.021334776030812814,0.0
2025-07-28,23,0,2025-08-17 20:52:10.434782720,2025-08-09,0.021256135451119214,0.0
2025-08-05,23,0,2025-08-20 04:10:26.086956544,2025-08-12,0.021207820230924216,0.0
2025-08-12,23,0,2025-08-26 01:02:36.521739008,2025-08-13,0.021108385824485966,0.0
2025-08-19,23,0,2025-08-30 03:07:49.565217280,2025-08-20,0.021008570903533325,0.0
2025-08-26,23,0,2025-09-05 09:23:28.695652096,2025-08-27,0.02093384653698094,0.0
2025-09-02,23,0,2025-09-10 05:13:02.608695552,2025-09-03,0.020906712745349786,0.0
2025-09-09,23,0,2025-09-14 22:57:23.478260992,2025-09-10,0.020852294573618292,0.0
2025-09-16,23,0,2025-09-22 01:02:36.521739008,2025-09-17,0.020793101012773568,0.0
2025-09-23,23,0,2025-09-27 19:49:33.913043456,2025-09-24,0.020737153540093315,0.0
2025-09-30,23,0,2025-10-05 12:31:18.260869632,2025-10-01,0.020646746797589113,0.0
2025-10-07,23,0,2025-10-11 05:13:02.608695552,2025-10-08,0.020570931471808326,0.0
2025-10-14,23,0,2025-10-15 21:54:46.956521728,2025-10-15,0.020511044153979478,0.0
2025-10-21,23,0,2025-10-23 10:26:05.217391360,2025-10-22,0.020493098982177226,0.0
2025-10-28,23,0,2025-10-30 11:28:41.739130368,2025-10-29,0.020579573243191228,0.0
2025-11-04,23,0,2025-11-08 06:15:39.130434816,2025-11-05,0.02056515671178299,0.0
2025-11-11,23,0,2025-11-13 19:49:33.913043456,2025-11-12,0.020504578802962775,0.0
2025-11-18,23,0,2025-11-21 00:00:00.000000000,2025-11-19,0.02065280504596206,0.0
2025-11-25,23,0,2025-11-27 11:28:41.739130368,2025-11-26,0.020830106520673543,0.0
2025-12-02,23,0,2025-12-05 12:31:18.260869632,2025-12-03,0.020785593593016773,0.0
2025-12-09,23,0,2025-12-11 04:10:26.086956544,2025-12-10,0.020730069708024733,0.0
2025-12-16,23,0,2025-12-21 08:20:52.173913088,2025-12-17,0.020914390334721363,0.0
2025-12-23,23,0,2025-12-30 21:54:46.956521728,2025-12-24,0.020972170799021927,0.0
2026-01-07,23,0,2026-01-08 00:00:00.000000000,2026-01-08,0.021497000699085885,0.0
2026-01-14,23,0,2026-01-16 21:54:46.956521728,2026-01-15,0.021737801101828512,0.0
2026-01-21,23,0,2026-02-03 13:33:54.782608640,2026-01-22,0.02190110834422635,0.0
2026-01-28,23,0,2026-02-04 20:52:10.434782720,2026-01-29,0.021865907135554797,0.0
2026-02-04,23,0,2026-02-22 06:15:39.130434816,2026-03-01,0.021837148300604285,0.0
2026-02-11,23,0,2026-03-02 07:18:15.652173824,2026-03-03,0.021592976344535407,0.0
2026-02-18,23,0,2026-03-05 04:10:26.086956544,2026-03-03,0.021423519991020122,0.0
2026-02-25,23,1,2026-03-06 16:41:44.347826176,2026-03-06,0.021210304683510123,0.043478260869565216
2026-03-04,23,0,2026-03-15 10:26:05.217391360,2026-03-13,0.021408875171606546,0.0
2026-03-11,23,0,2026-04-07 06:15:39.130434816,2026-04-05,0.022103933084711123,0.0
2026-03-18,23,0,2026-05-27 01:02:36.521739008,2026-04-28,0.022579329244954625,0.0
2026-03-25,23,0,2026-07-02 16:41:44.347826176,2026-08-04,0.02355074946836617,0.0
2026-04-01,23,0,2026-07-30 22:57:23.478260992,2026-08-21,0.02409084008094053,0.0
2026-04-10,23,0,2026-10-08 15:39:07.826086912,2026-09-20,0.023912838027815606,0.0
2026-04-17,23,0,2026-10-04 13:33:54.782608640,2026-09-10,0.02366509128856739,0.0
2026-04-24,23,0,2026-10-15 05:13:02.608695552,2026-09-16,0.023420734456951194,0.0
2026-05-04,23,0,2026-11-11 10:26:05.217391360,2026-10-21,0.023337087053245834,0.0
2026-05-11,23,0,2026-11-15 03:07:49.565217280,2026-11-02,0.023125690307649993,0.0
