t2,total_fits,valid_fits,mean_tc,median_tc,mean_rmse,bubble_confidence
2007-03-29,26,6,2007-12-11 11:04:36.923076864,2007-10-13 00:00:00,0.020007827110192035,0.23076923076923078
2007-04-05,26,5,2007-11-26 17:32:18.461538560,2007-10-19 00:00:00,0.02003653435677316,0.19230769230769232
2007-04-16,26,5,2007-10-04 11:04:36.923076864,2007-09-04 12:00:00,0.02005562301435173,0.19230769230769232
2007-04-23,26,6,2007-09-03 01:50:46.153846272,2007-08-07 12:00:00,0.019887994646718657,0.23076923076923078
2007-04-30,26,7,2007-09-10 10:09:13.846153728,2007-08-24 12:00:00,0.019736153302807116,0.2692307692307692
2007-05-08,26,6,2007-08-26 09:13:50.769230848,2007-08-24 12:00:00,0.01943596627585301,0.23076923076923078
2007-05-15,26,7,2007-08-23 22:09:13.846153728,2007-08-04 12:00:00,0.01929909227596285,0.2692307692307692
2007-05-23,26,6,2007-09-06 15:41:32.307692288,2007-08-20 12:00:00,0.019335359243828874,0.23076923076923078
2007-05-31,26,6,2007-09-06 15:41:32.307692288,2007-08-12 12:00:00,0.019168914786243874,0.23076923076923078
2007-06-07,26,6,2007-09-09 22:09:13.846153728,2007-08-07 12:00:00,0.019159501347378635,0.23076923076923078
2007-06-14,26,5,2007-09-06 16:36:55.384615424,2007-08-10 00:00:00,0.019078964165347777,0.19230769230769232
2007-06-21,26,4,2007-09-02 05:32:18.461538560,2007-08-12 12:00:00,0.018964457782352714,0.15384615384615385
2007-06-28,26,4,2007-09-16 20:18:27.692307712,2007-09-11 12:00:00,0.01895679301661201,0.15384615384615385
2007-07-05,26,4,2007-10-10 07:23:04.615384576,2007-09-25 00:00:00,0.01884249424139668,0.15384615384615385
2007-07-12,26,4,2007-10-13 04:36:55.384615424,2007-09-29 00:00:00,0.018740063194117286,0.15384615384615385
2007-07-19,26,3,2007-09-29 08:18:27.692307712,2007-10-01 00:00:00,0.01854162730444276,0.11538461538461539
2007-07-26,26,3,2007-10-17 23:04:36.923076864,2007-10-18 00:00:00,0.019092910890078335,0.11538461538461539
2007-08-03,26,5,2008-01-18 20:18:27.692307712,2007-12-28 12:00:00,0.020380682358588434,0.19230769230769232
2007-08-10,26,5,2008-05-03 10:09:13.846153728,2008-03-05 12:00:00,0.021487447442422387,0.19230769230769232
2007-08-17,26,3,2008-06-08 01:50:46.153846272,2008-03-18 12:00:00,0.022771903477859234,0.11538461538461539
2007-08-24,26,2,2008-07-21 12:00:00.000000000,2008-06-17 00:00:00,0.02322287584731901,0.07692307692307693
2007-08-31,26,2,2008-07-05 03:41:32.307692288,2008-03-28 12:00:00,0.02354273445924872,0.07692307692307693
2007-09-07,26,2,2008-07-13 12:55:23.076923136,2008-04-01 00:00:00,0.02382723102955904,0.07692307692307693
2007-09-14,26,3,2008-08-01 18:27:41.538461440,2008-04-27 12:00:00,0.02417641748907667,0.11538461538461539
2007-09-21,26,3,2008-08-09 18:27:41.538461440,2008-07-11 00:00:00,0.024477831312918343,0.11538461538461539
2007-09-28,26,3,2008-07-27 13:50:46.153846272,2008-04-15 12:00:00,0.024426042660465223,0.11538461538461539
2007-10-05,26,3,2008-07-25 15:41:32.307692288,2008-04-23 12:00:00,0.024426167472277934,0.11538461538461539
2007-10-12,26,3,2008-07-11 00:55:23.076923136,2008-04-28 12:00:00,0.024512603607344793,0.11538461538461539
2007-10-19,26,3,2008-07-11 15:41:32.307692288,2008-05-18 12:00:00,0.024529251203023218,0.11538461538461539
2007-10-26,26,4,2008-07-28 09:13:50.769230848,2008-06-26 12:00:00,0.02451796518297994,0.15384615384615385
2007-11-02,26,2,2008-07-30 12:55:23.076923136,2008-06-21 12:00:00,0.024429325842374908,0.07692307692307693
2007-11-09,26,2,2008-08-06 13:50:46.153846272,2008-07-24 00:00:00,0.024552086872807594,0.07692307692307693
2007-11-16,26,1,2008-08-27 21:13:50.769230848,2008-09-08 12:00:00,0.024952326802989373,0.038461538461538464
2007-11-23,26,0,2008-10-02 20:18:27.692307712,2009-01-10 00:00:00,0.025700027238379726,0.0
2007-11-30,26,1,2008-11-11 19:23:04.615384576,2009-04-10 12:00:00,0.02584821596019846,0.038461538461538464
2007-12-07,26,1,2008-10-30 20:18:27.692307712,2009-04-15 00:00:00,0.02566741381605088,0.038461538461538464
2007-12-14,26,3,2008-12-06 06:27:41.538461440,2009-04-26 00:00:00,0.025588149089794142,0.11538461538461539
2007-12-21,26,4,2008-12-20 10:09:13.846153728,2009-05-04 00:00:00,0.025523241232148657,0.15384615384615385
2008-01-03,26,3,2008-12-07 23:04:36.923076864,2009-05-17 00:00:00,0.02527982233217247,0.11538461538461539
2008-01-10,26,2,2009-01-07 05:32:18.461538560,2009-05-24 00:00:00,0.02540683176738183,0.07692307692307693
2008-01-17,26,0,2009-01-16 17:32:18.461538560,2009-05-31 00:00:00,0.026090037664471308,0.0
2008-01-24,26,0,2009-01-23 15:41:32.307692288,2009-06-07 00:00:00,0.028580290221247383,0.0
2008-01-31,26,0,2009-04-04 17:32:18.461538560,2009-06-14 00:00:00,0.029939499303504143,0.0
2008-02-07,26,0,2009-04-03 13:50:46.153846272,2009-06-21 00:00:00,0.030197481728192307,0.0
2008-02-14,26,0,2009-04-24 02:46:09.230769152,2009-06-28 00:00:00,0.03069825453267613,0.0
2008-02-21,26,0,2009-05-16 16:36:55.384615424,2009-07-05 00:00:00,0.03073019042781255,0.0
2008-02-28,26,0,2009-04-20 22:09:13.846153728,2009-07-12 00:00:00,0.030414062842533958,0.0
2008-03-06,26,0,2009-04-26 04:36:55.384615424,2009-07-19 00:00:00,0.030284123897558333,0.0
2008-03-13,26,0,2009-05-13 02:46:09.230769152,2009-07-26 00:00:00,0.03022072028749326,0.0
2008-03-20,26,0,2009-06-16 12:00:00.000000000,2009-08-02 00:00:00,0.03043997528642469,0.0
2008-03-31,26,0,2009-06-13 09:13:50.769230848,2009-08-13 00:00:00,0.029988158188105882,0.0
2008-04-07,26,0,2009-06-05 19:23:04.615384576,2009-08-20 00:00:00,0.030032061105107605,0.0
2008-04-14,26,0,2009-06-05 00:00:00.000000000,2009-08-27 00:00:00,0.029925142263611225,0.0
2008-04-21,26,0,2009-05-28 02:46:09.230769152,2009-09-02 00:00:00,0.029702688457639955,0.0
2008-04-28,26,0,2009-05-06 11:04:36.923076864,2009-07-30 00:00:00,0.029541170057203,0.0
2008-05-06,26,0,2009-05-06 00:55:23.076923136,2009-06-19 12:00:00,0.02946908889957449,0.0
2008-05-14,26,0,2009-04-19 02:46:09.230769152,2009-05-13 00:00:00,0.02937673445140291,0.0
2008-05-22,26,0,2009-04-13 06:27:41.538461440,2009-04-23 00:00:00,0.02931195985068817,0.0
2008-05-29,26,0,2009-04-08 17:32:18.461538560,2009-04-21 12:00:00,0.029053923007361412,0.0
2008-06-05,26,0,2009-04-07 03:41:32.307692288,2009-04-26 12:00:00,0.028788390400899713,0.0
2008-06-12,26,0,2009-04-07 13:50:46.153846272,2009-05-02 12:00:00,0.028682751047553315,0.0
2008-06-19,26,0,2009-04-21 14:46:09.230769152,2009-05-10 12:00:00,0.028626930975455968,0.0
2008-06-26,26,0,2009-05-18 18:27:41.538461440,2009-06-09 12:00:00,0.02884895491863327,0.0
2008-07-03,26,0,2009-06-07 22:09:13.846153728,2009-10-04 12:00:00,0.0291986771101209,0.0
2008-07-11,26,0,2009-06-02 14:46:09.230769152,2009-11-20 12:00:00,0.029428152041344816,0.0
2008-07-18,26,0,2009-05-18 15:41:32.307692288,2009-07-26 12:00:00,0.029707442320109953,0.0
2008-07-25,26,0,2009-05-23 05:32:18.461538560,2009-07-24 12:00:00,0.029622734617855858,0.0
2008-08-04,26,0,2009-05-31 10:09:13.846153728,2009-07-25 12:00:00,0.02957157853759867,0.0
2008-08-11,26,0,2009-05-27 18:27:41.538461440,2009-07-25 12:00:00,0.029345410769144823,0.0
2008-08-18,26,0,2009-05-31 12:00:00.000000000,2009-07-27 00:00:00,0.028988436781826613,0.0
2008-08-25,26,0,2009-05-19 21:13:50.769230848,2009-02-16 12:00:00,0.02867072304198337,0.0
2008-09-01,26,0,2009-06-04 12:00:00.000000000,2009-02-23 00:00:00,0.028595658530990633,0.0
2008-09-08,26,0,2009-06-14 09:13:50.769230848,2009-02-21 12:00:00,0.028603904030157386,0.0
2008-09-16,26,0,2009-06-22 03:41:32.307692288,2009-02-19 12:00:00,0.028576228301061955,0.0
2008-09-23,26,0,2009-06-07 12:00:00.000000000,2009-02-07 00:00:00,0.02880821923808794,0.0
2008-09-30,26,0,2009-06-11 16:36:55.384615424,2009-02-03 00:00:00,0.02890338783414481,0.0
2008-10-07,26,0,2009-06-03 12:00:00.000000000,2009-02-10 00:00:00,0.029472283147808993,0.0
2008-10-14,26,0,2009-05-18 15:41:32.307692288,2009-02-17 12:00:00,0.033765906077680014,0.0
2008-10-21,26,0,2009-05-01 06:27:41.538461440,2008-12-14 00:00:00,0.036317275184371896,0.0
2008-10-29,26,0,2009-04-04 01:50:46.153846272,2008-10-31 00:00:00,0.03855662682433024,0.0
2008-11-05,26,0,2009-05-24 01:50:46.153846272,2009-02-23 12:00:00,0.041102409178272965,0.0
2008-11-12,26,0,2009-04-20 12:55:23.076923136,2008-12-23 00:00:00,0.04219774549622615,0.0
2008-11-19,26,0,2009-05-30 21:13:50.769230848,2008-12-19 12:00:00,0.043346244793020836,0.0
2008-11-26,26,0,2009-06-03 18:27:41.538461440,2008-12-20 12:00:00,0.04447817640837385,0.0
2008-12-03,26,0,2009-05-25 01:50:46.153846272,2008-12-25 00:00:00,0.044607631315499004,0.0
2008-12-10,26,0,2009-06-16 04:36:55.384615424,2009-01-12 00:00:00,0.04604837997241687,0.0
2008-12-17,26,0,2009-06-19 07:23:04.615384576,2009-03-23 12:00:00,0.04692871056557856,0.0
2008-12-24,26,0,2009-06-25 01:50:46.153846272,2009-04-11 12:00:00,0.0474768110636167,0.0
2009-01-06,26,0,2009-08-22 16:36:55.384615424,2009-05-07 00:00:00,0.04870882384659367,0.0
2009-01-13,26,0,2009-09-24 23:04:36.923076864,2009-06-12 00:00:00,0.049553589393024185,0.0
2009-01-20,26,0,2009-09-30 04:36:55.384615424,2009-06-14 00:00:00,0.04931539599597901,0.0
2009-01-27,26,0,2009-10-26 11:04:36.923076864,2009-08-02 12:00:00,0.04931339872502523,0.0
2009-02-03,26,0,2009-12-06 00:55:23.076923136,2009-10-18 12:00:00,0.04936780096537933,0.0
2009-02-10,26,0,2009-12-23 01:50:46.153846272,2009-09-25 12:00:00,0.049587845374385646,0.0
2009-02-18,26,0,2009-12-28 09:13:50.769230848,2009-10-17 00:00:00,0.04920038269116519,0.0
2009-02-25,26,0,2009-12-30 05:32:18.461538560,2009-10-27 12:00:00,0.04890267564279442,0.0
2009-03-04,26,0,2010-01-04 03:41:32.307692288,2009-11-29 12:00:00,0.04889038769048959,0.0
2009-03-11,26,0,2010-01-08 15:41:32.307692288,2009-11-26 00:00:00,0.04899136729337372,0.0
2009-03-18,26,0,2010-01-02 01:50:46.153846272,2009-11-02 00:00:00,0.049165721106121114,0.0
2009-03-25,26,0,2009-12-11 00:00:00.000000000,2009-09-05 00:00:00,0.04925371618916214,0.0
2009-04-01,26,0,2009-12-16 09:13:50.769230848,2009-10-02 12:00:00,0.04920589397221536,0.0
2009-04-08,26,0,2010-03-30 12:55:23.076923136,2010-06-28 00:00:00,0.05055209920231935,0.0
2009-04-17,26,0,2010-05-22 14:46:09.230769152,2010-08-27 12:00:00,0.05207740392267059,0.0
2009-04-24,26,0,2010-06-09 21:13:50.769230848,2010-09-06 00:00:00,0.052678037577744447,0.0
2009-05-04,26,0,2010-06-25 16:36:55.384615424,2010-09-16 00:00:00,0.05335044960284514,0.0
2009-05-11,26,0,2010-07-08 22:09:13.846153728,2010-09-10 12:00:00,0.05404855496000614,0.0
2009-05-18,26,0,2010-07-04 09:13:50.769230848,2010-09-19 12:00:00,0.05412405913656523,0.0
2009-05-26,26,0,2010-07-18 05:32:18.461538560,2010-09-23 00:00:00,0.05470790171709601,0.0
2009-06-03,26,0,2010-07-21 03:41:32.307692288,2010-08-25 12:00:00,0.05515500027051953,0.0
2009-06-10,26,0,2010-07-16 02:46:09.230769152,2010-08-01 12:00:00,0.055281555621982385,0.0
2009-06-17,26,0,2010-07-02 21:13:50.769230848,2010-08-19 12:00:00,0.05495582176520427,0.0
2009-06-24,26,0,2010-06-26 01:50:46.153846272,2010-08-21 00:00:00,0.05430408423397125,0.0
2009-07-01,26,0,2010-06-25 13:50:46.153846272,2010-08-25 12:00:00,0.05400278813491921,0.0
2009-07-08,26,0,2010-06-03 10:09:13.846153728,2010-06-22 12:00:00,0.053664912068876615,0.0
2009-07-15,26,0,2010-05-23 02:46:09.230769152,2010-06-04 12:00:00,0.05333751048472858,0.0
2009-07-22,26,0,2010-06-03 12:55:23.076923136,2010-07-14 12:00:00,0.05302118186674569,0.0
2009-07-29,26,0,2010-07-04 00:55:23.076923136,2010-08-18 00:00:00,0.052741810645502214,0.0
2009-08-05,26,0,2010-08-20 11:04:36.923076864,2010-11-04 00:00:00,0.05273284056256357,0.0
2009-08-12,26,0,2010-09-08 10:09:13.846153728,2010-11-27 12:00:00,0.05257189151361168,0.0
2009-08-19,26,0,2010-09-18 14:46:09.230769152,2010-12-07 12:00:00,0.052136686358794024,0.0
2009-08-26,26,0,2010-10-02 11:04:36.923076864,2010-12-29 00:00:00,0.051854529442410716,0.0
2009-09-02,26,0,2010-10-06 16:36:55.384615424,2011-01-08 00:00:00,0.051374113622191804,0.0
2009-09-10,26,0,2010-09-26 05:32:18.461538560,2011-01-13 00:00:00,0.05096679199068195,0.0
2009-09-17,26,0,2010-10-05 00:00:00.000000000,2011-01-27 12:00:00,0.050700343059961864,0.0
2009-09-24,26,0,2010-10-10 21:13:50.769230848,2011-02-06 00:00:00,0.05028055609887833,0.0
2009-10-01,26,0,2010-10-14 15:41:32.307692288,2011-02-12 00:00:00,0.04969277956564189,0.0
2009-10-08,26,0,2010-10-23 11:04:36.923076864,2011-02-06 00:00:00,0.049241386803061574,0.0
2009-10-15,26,0,2010-10-30 03:41:32.307692288,2011-02-10 00:00:00,0.04894014399809387,0.0
2009-10-22,26,0,2010-11-06 14:46:09.230769152,2011-02-09 12:00:00,0.048631013092183324,0.0
2009-10-29,26,0,2010-11-05 10:09:13.846153728,2011-01-31 00:00:00,0.04823147501196375,0.0
2009-11-05,26,0,2010-10-20 06:27:41.538461440,2011-01-10 00:00:00,0.04801060082049031,0.0
2009-11-12,26,0,2010-10-29 08:18:27.692307712,2011-01-17 00:00:00,0.04754632152193104,0.0
2009-11-19,26,1,2010-11-11 07:23:04.615384576,2011-01-18 12:00:00,0.04737966813106808,0.038461538461538464
2009-11-26,26,0,2010-11-17 14:46:09.230769152,2011-01-24 12:00:00,0.04719635529578618,0.0
2009-12-03,26,0,2010-11-27 14:46:09.230769152,2011-01-23 00:00:00,0.04692686454274787,0.0
2009-12-10,26,1,2011-01-02 07:23:04.615384576,2011-01-29 00:00:00,0.046856533579888754,0.038461538461538464
2009-12-17,26,1,2010-12-23 12:55:23.076923136,2011-01-31 00:00:00,0.04643200771855772,0.038461538461538464
2009-12-24,26,2,2011-01-11 18:27:41.538461440,2011-02-11 12:00:00,0.04625069814141853,0.07692307692307693
2010-01-04,26,3,2011-02-01 06:27:41.538461440,2011-03-06 12:00:00,0.04636892726563253,0.11538461538461539
2010-01-11,26,3,2011-02-09 12:55:23.076923136,2011-04-03 00:00:00,0.04628367342559755,0.11538461538461539
2010-01-18,26,3,2011-02-19 00:00:00.000000000,2011-04-04 12:00:00,0.046194026467249696,0.11538461538461539
2010-01-25,26,4,2011-02-17 20:18:27.692307712,2011-05-09 12:00:00,0.046271814261347896,0.15384615384615385
2010-02-01,26,4,2011-03-06 00:00:00.000000000,2011-06-10 00:00:00,0.04630253389712688,0.15384615384615385
2010-02-08,26,1,2011-04-25 15:41:32.307692288,2011-06-23 00:00:00,0.04662023226404885,0.038461538461538464
2010-02-15,26,0,2011-06-02 12:00:00.000000000,2011-06-30 00:00:00,0.0462141419858995,0.0
2010-02-22,26,1,2011-06-04 04:36:55.384615424,2011-07-07 00:00:00,0.045895597858922874,0.038461538461538464
2010-03-01,26,0,2011-06-10 17:32:18.461538560,2011-07-14 00:00:00,0.04574341973219446,0.0
2010-03-08,26,0,2011-06-18 03:41:32.307692288,2011-07-21 00:00:00,0.045979228150210334,0.0
2010-03-15,26,2,2011-06-02 15:41:32.307692288,2011-07-28 00:00:00,0.046206340868763074,0.07692307692307693
2010-03-22,26,3,2011-05-21 22:09:13.846153728,2011-08-01 12:00:00,0.04629715012463905,0.11538461538461539
2010-03-29,26,2,2011-05-29 20:18:27.692307712,2011-08-11 00:00:00,0.04644759369740085,0.07692307692307693
2010-04-07,26,2,2011-05-18 21:13:50.769230848,2011-08-20 00:00:00,0.046785912274023476,0.07692307692307693
2010-04-14,26,1,2011-05-21 16:36:55.384615424,2011-08-27 00:00:00,0.04728912470542221,0.038461538461538464
2010-04-21,26,2,2011-05-03 04:36:55.384615424,2011-09-03 00:00:00,0.04744856494076933,0.07692307692307693
2010-04-28,26,3,2011-05-19 22:09:13.846153728,2011-09-10 00:00:00,0.047341877586506,0.11538461538461539
2010-05-05,26,3,2011-05-18 08:18:27.692307712,2011-09-17 00:00:00,0.04730738458685302,0.11538461538461539
2010-05-12,26,4,2011-05-31 12:55:23.076923136,2011-09-24 00:00:00,0.04775197896621181,0.15384615384615385
2010-05-20,26,3,2011-05-08 11:04:36.923076864,2011-10-02 00:00:00,0.04817801388237393,0.11538461538461539
2010-05-28,26,2,2011-07-08 06:27:41.538461440,2011-10-10 00:00:00,0.04893010655796943,0.07692307692307693
2010-06-04,26,0,2011-08-08 15:41:32.307692288,2011-10-17 00:00:00,0.048714155779509424,0.0
2010-06-11,26,0,2011-07-30 08:18:27.692307712,2011-10-24 00:00:00,0.04827541215081417,0.0
2010-06-18,26,0,2011-07-24 17:32:18.461538560,2011-10-31 00:00:00,0.04824003877260389,0.0
2010-06-25,26,0,2011-07-25 21:13:50.769230848,2011-11-07 00:00:00,0.04819180181770218,0.0
2010-07-02,26,0,2011-08-19 20:18:27.692307712,2011-11-14 00:00:00,0.04809880851023465,0.0
2010-07-09,26,0,2011-07-29 10:09:13.846153728,2011-11-21 00:00:00,0.047692454338114795,0.0
2010-07-19,26,0,2011-07-31 18:27:41.538461440,2011-12-01 00:00:00,0.04755145941863427,0.0
2010-07-26,26,0,2011-07-16 12:55:23.076923136,2011-12-08 00:00:00,0.04741158664470026,0.0
2010-08-02,26,0,2011-07-11 13:50:46.153846272,2011-12-15 00:00:00,0.047708821461991735,0.0
2010-08-09,26,0,2011-06-14 02:46:09.230769152,2011-12-21 12:00:00,0.04782119278583579,0.0
2010-08-16,26,0,2011-07-03 21:13:50.769230848,2011-12-21 00:00:00,0.04769235156875008,0.0
2010-08-23,26,0,2011-06-19 05:32:18.461538560,2011-12-01 00:00:00,0.04737724847681835,0.0
2010-08-30,26,0,2011-05-23 06:27:41.538461440,2011-04-03 00:00:00,0.0468625141024157,0.0
2010-09-06,26,0,2011-05-22 08:18:27.692307712,2011-03-01 00:00:00,0.04687266771550938,0.0
2010-09-13,26,0,2011-05-11 14:46:09.230769152,2011-02-24 12:00:00,0.04673749148930685,0.0
2010-09-20,26,0,2011-05-19 05:32:18.461538560,2011-01-12 12:00:00,0.04638521283775733,0.0
2010-09-27,26,0,2011-05-17 03:41:32.307692288,2011-01-12 12:00:00,0.04591584459983925,0.0
2010-10-04,26,0,2011-05-16 19:23:04.615384576,2011-01-13 12:00:00,0.04535500194326109,0.0
2010-10-11,26,0,2011-05-27 00:55:23.076923136,2011-01-17 00:00:00,0.04508287845367827,0.0
2010-10-18,26,0,2011-06-22 21:13:50.769230848,2011-03-22 00:00:00,0.04465491110504504,0.0
2010-10-25,26,0,2011-06-15 07:23:04.615384576,2011-02-11 00:00:00,0.04406554278492525,0.0
2010-11-01,26,0,2011-06-15 13:50:46.153846272,2011-03-20 00:00:00,0.04351699650364597,0.0
2010-11-08,26,0,2011-06-21 23:04:36.923076864,2011-03-02 00:00:00,0.04305525047870222,0.0
2010-11-15,26,0,2011-07-19 23:04:36.923076864,2011-06-26 12:00:00,0.04275759225896138,0.0
2010-11-22,26,0,2011-07-29 13:50:46.153846272,2011-07-14 12:00:00,0.04226665148148667,0.0
2010-11-29,26,0,2011-08-03 12:00:00.000000000,2011-08-04 00:00:00,0.04173035999174576,0.0
2010-12-06,26,0,2011-08-31 12:00:00.000000000,2011-10-16 12:00:00,0.041304106906443136,0.0
2010-12-13,26,2,2011-06-23 00:55:23.076923136,2011-02-25 12:00:00,0.040854137660778785,0.07692307692307693
2010-12-20,26,2,2011-08-17 01:50:46.153846272,2011-04-17 00:00:00,0.040434613199834754,0.07692307692307693
2010-12-28,26,2,2011-08-20 13:50:46.153846272,2011-02-20 00:00:00,0.04002954782767327,0.07692307692307693
2011-01-05,26,2,2011-07-05 12:55:23.076923136,2011-02-08 00:00:00,0.03937328119180234,0.07692307692307693
2011-01-12,26,1,2011-07-06 10:09:13.846153728,2011-02-02 12:00:00,0.03888676345680042,0.038461538461538464
2011-01-19,26,2,2011-08-22 11:04:36.923076864,2011-02-16 00:00:00,0.03848938807593119,0.07692307692307693
2011-01-26,26,2,2011-08-26 03:41:32.307692288,2011-04-01 00:00:00,0.03819204109388965,0.07692307692307693
2011-02-02,26,3,2011-09-21 02:46:09.230769152,2011-04-27 12:00:00,0.03773135689030669,0.11538461538461539
2011-02-09,26,4,2011-10-13 10:09:13.846153728,2011-08-15 00:00:00,0.037092314533868416,0.15384615384615385
2011-02-16,26,4,2011-11-24 14:46:09.230769152,2012-03-21 00:00:00,0.036694150585186595,0.15384615384615385
2011-02-23,26,4,2011-11-07 19:23:04.615384576,2011-10-21 00:00:00,0.036242615997768804,0.15384615384615385
2011-03-02,26,2,2011-11-26 12:55:23.076923136,2011-11-09 00:00:00,0.03586409321551256,0.07692307692307693
2011-03-09,26,1,2011-12-11 15:41:32.307692288,2011-12-20 00:00:00,0.03545103675734309,0.038461538461538464
2011-03-16,26,0,2011-12-17 18:27:41.538461440,2011-12-24 00:00:00,0.0354718093822181,0.0
2011-03-23,26,0,2011-12-14 10:09:13.846153728,2011-12-22 00:00:00,0.03525205180769152,0.0
2011-03-30,26,0,2011-11-19 12:55:23.076923136,2011-10-09 00:00:00,0.034722019597872585,0.0
2011-04-06,26,0,2011-12-03 14:46:09.230769152,2011-10-07 00:00:00,0.03432322414733802,0.0
2011-04-13,26,0,2011-11-28 21:13:50.769230848,2011-10-23 12:00:00,0.03382709970474935,0.0
2011-04-20,26,0,2011-11-30 00:55:23.076923136,2011-10-16 12:00:00,0.033246184093605365,0.0
2011-04-29,26,0,2011-11-12 02:46:09.230769152,2011-10-15 00:00:00,0.03276003032176503,0.0
2011-05-06,26,0,2011-11-06 17:32:18.461538560,2011-10-02 00:00:00,0.032217427341899287,0.0
2011-05-13,26,0,2011-11-13 01:50:46.153846272,2011-10-19 12:00:00,0.0317507694526831,0.0
2011-05-20,26,0,2011-11-26 17:32:18.461538560,2011-10-23 00:00:00,0.03127027629815863,0.0
2011-05-27,26,0,2012-01-05 23:04:36.923076864,2012-01-10 00:00:00,0.030910624077457545,0.0
2011-06-08,26,0,2012-02-23 14:46:09.230769152,2012-03-16 12:00:00,0.030701047099540253,0.0
2011-06-16,26,0,2012-04-22 02:46:09.230769152,2012-07-31 12:00:00,0.030746053134118843,0.0
2011-06-23,26,0,2012-05-02 17:32:18.461538560,2012-08-08 12:00:00,0.03083211018982924,0.0
2011-06-30,26,0,2012-06-01 02:46:09.230769152,2012-09-03 00:00:00,0.030777805600781142,0.0
2011-07-07,26,0,2012-05-30 18:27:41.538461440,2012-08-24 12:00:00,0.030323729101776557,0.0
2011-07-14,26,0,2012-06-20 06:27:41.538461440,2012-09-20 00:00:00,0.030085793428153505,0.0
2011-07-21,26,0,2012-06-25 04:36:55.384615424,2012-09-11 00:00:00,0.029962562404081187,0.0
2011-07-28,26,0,2012-06-23 21:13:50.769230848,2012-08-05 12:00:00,0.029767796186150202,0.0
2011-08-05,26,0,2012-08-04 05:32:18.461538560,2012-10-24 12:00:00,0.031207310150304892,0.0
2011-08-12,26,0,2012-11-16 21:13:50.769230848,2012-12-03 12:00:00,0.034901587156592036,0.0
2011-08-19,26,0,2012-12-02 04:36:55.384615424,2012-12-31 00:00:00,0.036155708338598276,0.0
2011-08-26,26,0,2012-12-10 17:32:18.461538560,2013-01-07 00:00:00,0.037272687435470214,0.0
2011-09-02,26,0,2012-11-24 02:46:09.230769152,2013-01-14 00:00:00,0.037805884301161954,0.0
2011-09-09,26,0,2012-12-04 17:32:18.461538560,2013-01-21 00:00:00,0.038241148504084777,0.0
2011-09-16,26,0,2012-12-08 05:32:18.461538560,2013-01-28 00:00:00,0.03845995702031362,0.0
2011-09-23,26,0,2012-12-02 21:13:50.769230848,2013-02-04 00:00:00,0.038646556821370165,0.0
2011-09-30,26,0,2012-11-30 00:00:00.000000000,2013-02-11 00:00:00,0.03853295870496575,0.0
2011-10-07,26,0,2012-11-04 18:27:41.538461440,2013-02-16 12:00:00,0.03852728639508736,0.0
2011-10-14,26,0,2012-09-23 05:32:18.461538560,2012-09-15 12:00:00,0.03891615400334707,0.0
2011-10-21,26,0,2012-09-10 20:18:27.692307712,2012-08-08 12:00:00,0.03868017586971988,0.0
2011-10-28,26,0,2012-08-30 22:09:13.846153728,2012-07-16 00:00:00,0.03881592274615664,0.0
2011-11-04,26,0,2012-08-22 04:36:55.384615424,2012-07-06 12:00:00,0.03841604626490368,0.0
2011-11-11,26,0,2012-08-22 03:41:32.307692288,2012-07-02 12:00:00,0.037924817802217736,0.0
2011-11-18,26,0,2012-08-26 17:32:18.461538560,2012-06-28 00:00:00,0.037462831901974164,0.0
2011-11-28,26,0,2012-09-02 21:13:50.769230848,2012-07-13 00:00:00,0.037410225830194,0.0
2011-12-05,26,0,2012-09-03 17:32:18.461538560,2012-07-29 00:00:00,0.03752961367054492,0.0
2011-12-12,26,0,2012-09-25 17:32:18.461538560,2012-08-05 00:00:00,0.03748135634933574,0.0
2011-12-19,26,0,2012-10-03 07:23:04.615384576,2012-09-02 00:00:00,0.03716490099307718,0.0
2011-12-27,26,0,2012-10-10 04:36:55.384615424,2012-09-02 00:00:00,0.03695068790194878,0.0
2012-01-04,26,0,2012-09-29 06:27:41.538461440,2012-08-27 00:00:00,0.036777920107558655,0.0
2012-01-11,26,0,2012-10-18 13:50:46.153846272,2012-08-21 12:00:00,0.036527761021743016,0.0
2012-01-18,26,0,2012-11-15 14:46:09.230769152,2012-09-15 00:00:00,0.03646969608577849,0.0
2012-01-25,26,0,2012-11-09 11:04:36.923076864,2012-09-09 00:00:00,0.03594493062056479,0.0
2012-02-01,26,0,2012-11-17 14:46:09.230769152,2012-09-18 00:00:00,0.03528949370456635,0.0
2012-02-08,26,0,2012-12-04 17:32:18.461538560,2012-10-05 12:00:00,0.03502089783762603,0.0
2012-02-15,26,0,2012-12-12 10:09:13.846153728,2012-10-10 12:00:00,0.03470966132703124,0.0
2012-02-23,26,0,2012-12-24 01:50:46.153846272,2012-10-25 12:00:00,0.03439088356749291,0.0
2012-03-01,26,0,2013-01-05 00:00:00.000000000,2012-11-05 12:00:00,0.03383884255167756,0.0
2012-03-08,26,0,2012-12-23 12:55:23.076923136,2012-11-06 12:00:00,0.03316469977397534,0.0
2012-03-15,26,0,2013-01-06 03:41:32.307692288,2012-11-23 12:00:00,0.03286049224224374,0.0
2012-03-22,26,1,2013-01-25 15:41:32.307692288,2012-12-09 00:00:00,0.03256093630303875,0.038461538461538464
2012-03-29,26,1,2013-02-10 04:36:55.384615424,2013-01-02 00:00:00,0.03224497391197541,0.038461538461538464
2012-04-05,26,0,2013-02-22 17:32:18.461538560,2013-01-23 00:00:00,0.031745683226530326,0.0
2012-04-16,26,0,2013-02-12 09:13:50.769230848,2013-01-06 12:00:00,0.031431208509164935,0.0
2012-04-23,26,0,2013-02-20 04:36:55.384615424,2013-01-27 12:00:00,0.031109353660465244,0.0
2012-04-30,26,0,2013-03-08 05:32:18.461538560,2013-02-06 00:00:00,0.03090209639637099,0.0
2012-05-08,26,0,2013-03-29 04:36:55.384615424,2013-02-24 00:00:00,0.030632649767711816,0.0
2012-05-15,26,0,2013-04-18 03:41:32.307692288,2013-03-28 12:00:00,0.030177219148069964,0.0
2012-05-23,26,0,2013-04-16 19:23:04.615384576,2013-04-14 00:00:00,0.029770449587949832,0.0
2012-05-31,26,0,2013-04-16 04:36:55.384615424,2013-04-12 12:00:00,0.02939390699364778,0.0
2012-06-07,26,0,2013-04-17 02:46:09.230769152,2013-04-26 12:00:00,0.02915627974246584,0.0
2012-06-14,26,0,2013-04-04 00:55:23.076923136,2013-04-19 12:00:00,0.02897356324350979,0.0
2012-06-21,26,0,2013-02-05 19:23:04.615384576,2012-12-11 00:00:00,0.02891526141610446,0.0
2012-06-28,26,0,2013-01-15 21:13:50.769230848,2012-11-18 00:00:00,0.028624101679078324,0.0
2012-07-05,26,0,2013-01-12 08:18:27.692307712,2012-10-22 00:00:00,0.028728424159745195,0.0
2012-07-12,26,0,2012-12-02 17:32:18.461538560,2012-10-08 00:00:00,0.028505993495851385,0.0
2012-07-19,26,0,2012-12-05 01:50:46.153846272,2012-10-06 00:00:00,0.028325726110852118,0.0
2012-07-26,26,0,2012-10-26 00:00:00.000000000,2012-10-03 00:00:00,0.02801175869088488,0.0
2012-08-03,26,0,2012-10-22 19:23:04.615384576,2012-10-12 00:00:00,0.027878572351886267,0.0
2012-08-10,26,0,2012-11-26 06:27:41.538461440,2012-10-31 00:00:00,0.028024071887401986,0.0
2012-08-17,26,0,2012-12-13 04:36:55.384615424,2012-11-16 00:00:00,0.02819344691566607,0.0
2012-08-24,26,0,2012-12-23 18:27:41.538461440,2012-11-29 12:00:00,0.02824025951981232,0.0
2012-08-31,26,0,2012-12-31 21:13:50.769230848,2012-12-12 12:00:00,0.02808952288606672,0.0
2012-09-07,26,0,2013-01-14 02:46:09.230769152,2012-12-22 12:00:00,0.028228533698468446,0.0
2012-09-14,26,0,2013-02-07 11:04:36.923076864,2013-01-21 00:00:00,0.028770167957332136,0.0
2012-09-21,26,0,2013-02-20 11:04:36.923076864,2013-02-09 12:00:00,0.029268268945894287,0.0
2012-09-28,26,0,2013-03-01 12:55:23.076923136,2013-03-03 00:00:00,0.029315544450276596,0.0
2012-10-05,26,0,2013-03-08 09:13:50.769230848,2013-03-25 12:00:00,0.029387338736012094,0.0
2012-10-12,26,0,2013-03-19 13:50:46.153846272,2013-04-14 12:00:00,0.029269337492520888,0.0
2012-10-19,26,0,2013-04-05 22:09:13.846153728,2013-05-10 00:00:00,0.02964864589644544,0.0
2012-10-26,26,0,2013-03-18 11:04:36.923076864,2013-04-16 12:00:00,0.029725646571158133,0.0
2012-11-02,26,0,2013-03-17 05:32:18.461538560,2013-02-20 00:00:00,0.029850403765071,0.0
2012-11-09,26,0,2013-02-28 08:18:27.692307712,2013-01-18 12:00:00,0.029784862072156335,0.0
2012-11-16,26,0,2013-03-26 23:04:36.923076864,2013-02-15 00:00:00,0.029653669285053093,0.0
2012-11-23,26,0,2013-03-30 23:04:36.923076864,2013-02-19 00:00:00,0.02963705480858999,0.0
2012-11-30,26,0,2013-02-20 19:23:04.615384576,2013-01-14 00:00:00,0.0295113951035919,0.0
2012-12-07,26,0,2013-03-01 04:36:55.384615424,2013-01-25 00:00:00,0.02934328400183592,0.0
2012-12-14,26,0,2013-03-02 07:23:04.615384576,2013-02-25 12:00:00,0.02914934818774437,0.0
2012-12-21,26,0,2013-03-07 02:46:09.230769152,2013-02-28 00:00:00,0.02906692852864736,0.0
2013-01-07,26,0,2013-03-22 16:36:55.384615424,2013-03-25 12:00:00,0.029417611267062563,0.0
2013-01-14,26,0,2013-03-28 15:41:32.307692288,2013-02-28 00:00:00,0.029495306300799447,0.0
2013-01-21,26,0,2013-03-22 06:27:41.538461440,2013-02-14 12:00:00,0.02945823280668789,0.0
2013-01-28,26,0,2013-03-30 02:46:09.230769152,2013-02-21 00:00:00,0.02933846325840091,0.0
2013-02-04,26,0,2013-04-09 22:09:13.846153728,2013-02-25 00:00:00,0.02922786613688693,0.0
2013-02-11,26,0,2013-04-16 02:46:09.230769152,2013-03-29 00:00:00,0.029191128662564438,0.0
2013-02-18,26,0,2013-05-02 22:09:13.846153728,2013-03-26 00:00:00,0.02910388836358025,0.0
2013-02-25,26,0,2013-04-30 12:00:00.000000000,2013-03-15 12:00:00,0.02889219865346277,0.0
2013-03-04,26,0,2013-05-31 15:41:32.307692288,2013-04-30 00:00:00,0.02865684712366554,0.0
2013-03-11,26,0,2013-06-03 08:18:27.692307712,2013-05-19 12:00:00,0.02852673496539543,0.0
2013-03-18,26,0,2013-06-10 18:27:41.538461440,2013-05-26 12:00:00,0.028532077667331714,0.0
2013-03-25,26,0,2013-05-22 04:36:55.384615424,2013-05-05 00:00:00,0.02833091432965346,0.0
2013-04-03,26,0,2013-06-14 06:27:41.538461440,2013-05-21 00:00:00,0.028185618983467945,0.0
2013-04-10,26,0,2013-07-10 22:09:13.846153728,2013-06-05 00:00:00,0.028048184114849287,0.0
2013-04-17,26,0,2013-08-30 09:13:50.769230848,2013-06-27 12:00:00,0.028174278760354738,0.0
2013-04-24,26,0,2013-09-29 03:41:32.307692288,2013-07-13 00:00:00,0.02827948938901744,0.0
2013-05-02,26,1,2013-11-02 18:27:41.538461440,2013-07-15 12:00:00,0.028248181680840718,0.038461538461538464
2013-05-10,26,0,2013-09-19 18:27:41.538461440,2013-07-14 12:00:00,0.027825001407794068,0.0
2013-05-17,26,1,2013-09-30 20:18:27.692307712,2013-07-18 00:00:00,0.027718798640383898,0.038461538461538464
2013-05-27,26,1,2013-10-12 09:13:50.769230848,2013-07-18 00:00:00,0.027638098450380805,0.038461538461538464
2013-06-03,26,0,2013-10-19 20:18:27.692307712,2013-07-18 00:00:00,0.02752661218642471,0.0
2013-06-10,26,0,2013-10-20 20:18:27.692307712,2013-07-08 00:00:00,0.02754994160014697,0.0
2013-06-17,26,0,2013-10-11 05:32:18.461538560,2013-07-17 00:00:00,0.02780556415403233,0.0
2013-06-24,26,0,2014-01-14 23:04:36.923076864,2013-07-13 00:00:00,0.02877711339242158,0.0
2013-07-01,26,1,2014-02-09 01:50:46.153846272,2013-07-17 00:00:00,0.02911078478635587,0.038461538461538464
2013-07-08,26,1,2014-02-24 12:55:23.076923136,2013-08-19 12:00:00,0.029145307603992896,0.038461538461538464
2013-07-15,26,1,2014-02-17 17:32:18.461538560,2013-08-10 00:00:00,0.029012309606068445,0.038461538461538464
2013-07-22,26,1,2014-01-21 15:41:32.307692288,2013-08-12 00:00:00,0.028883668517089234,0.038461538461538464
2013-07-29,26,1,2014-01-30 01:50:46.153846272,2013-09-10 12:00:00,0.028737755085701772,0.038461538461538464
2013-08-06,26,3,2014-01-23 09:13:50.769230848,2013-09-27 12:00:00,0.028803749375695766,0.11538461538461539
2013-08-13,26,2,2014-01-25 04:36:55.384615424,2013-10-21 12:00:00,0.028885859476940386,0.07692307692307693
2013-08-20,26,2,2014-01-19 18:27:41.538461440,2013-10-12 00:00:00,0.028834689024164174,0.07692307692307693
2013-08-27,26,2,2014-01-24 04:36:55.384615424,2013-10-09 12:00:00,0.02865406256079378,0.07692307692307693
2013-09-03,26,3,2014-02-17 01:50:46.153846272,2013-10-27 00:00:00,0.028494840128333906,0.11538461538461539
2013-09-10,26,3,2014-01-30 03:41:32.307692288,2013-10-08 12:00:00,0.028264177944283313,0.11538461538461539
2013-09-17,26,3,2014-02-20 13:50:46.153846272,2013-10-11 00:00:00,0.028191039020034555,0.11538461538461539
2013-09-24,26,2,2014-03-02 13:50:46.153846272,2013-10-14 00:00:00,0.02795287501228391,0.07692307692307693
2013-10-01,26,3,2014-03-14 20:18:27.692307712,2013-10-19 12:00:00,0.0277829232613245,0.11538461538461539
2013-10-08,26,3,2014-03-08 00:00:00.000000000,2013-11-21 12:00:00,0.02754453977605005,0.11538461538461539
2013-10-15,26,3,2014-04-18 19:23:04.615384576,2013-12-31 12:00:00,0.027784493743588448,0.11538461538461539
2013-10-22,26,3,2014-04-17 17:32:18.461538560,2014-02-11 00:00:00,0.027754485297332057,0.11538461538461539
2013-10-29,26,5,2014-05-25 16:36:55.384615424,2014-04-05 00:00:00,0.027711233433864915,0.19230769230769232
2013-11-05,26,5,2014-05-28 23:04:36.923076864,2014-04-20 12:00:00,0.02761866716822085,0.19230769230769232
2013-11-12,26,4,2014-05-26 01:50:46.153846272,2014-06-09 00:00:00,0.027385286949349018,0.15384615384615385
2013-11-19,26,4,2014-05-24 17:32:18.461538560,2014-04-10 12:00:00,0.027143945422356982,0.15384615384615385
2013-11-26,26,4,2014-06-09 22:09:13.846153728,2014-05-29 12:00:00,0.0269299822155892,0.15384615384615385
2013-12-03,26,5,2014-06-22 14:46:09.230769152,2014-07-06 00:00:00,0.02664091277577535,0.19230769230769232
2013-12-10,26,4,2014-06-26 09:13:50.769230848,2014-04-30 12:00:00,0.02675977574128804,0.15384615384615385
2013-12-17,26,4,2014-07-21 16:36:55.384615424,2014-05-22 12:00:00,0.02667873912362606,0.15384615384615385
2013-12-27,26,4,2014-08-11 17:32:18.461538560,2014-08-25 00:00:00,0.026494104671163712,0.15384615384615385
2014-01-08,26,4,2014-05-05 19:23:04.615384576,2014-04-07 12:00:00,0.02615324741154487,0.15384615384615385
2014-01-15,26,5,2014-04-28 02:46:09.230769152,2014-03-31 12:00:00,0.02582378866129246,0.19230769230769232
2014-01-22,26,6,2014-04-21 05:32:18.461538560,2014-03-25 00:00:00,0.025528280286853586,0.23076923076923078
2014-01-29,26,8,2014-05-03 10:09:13.846153728,2014-03-18 00:00:00,0.02542182185044992,0.3076923076923077
2014-02-05,26,6,2014-05-06 14:46:09.230769152,2014-03-13 12:00:00,0.02536061544192888,0.23076923076923078
2014-02-12,26,9,2014-06-06 09:13:50.769230848,2014-03-18 12:00:00,0.025076012723245215,0.34615384615384615
2014-02-20,26,10,2014-06-03 00:55:23.076923136,2014-03-30 00:00:00,0.02468223396277427,0.38461538461538464
2014-02-27,26,12,2014-06-17 18:27:41.538461440,2014-03-26 00:00:00,0.024349878359739865,0.46153846153846156
2014-03-06,26,12,2014-06-24 13:50:46.153846272,2014-04-19 00:00:00,0.023878454322188287,0.46153846153846156
2014-03-13,26,9,2014-05-28 18:27:41.538461440,2014-04-11 00:00:00,0.02365160337508425,0.34615384615384615
2014-03-20,26,10,2014-06-30 09:13:50.769230848,2014-04-29 00:00:00,0.02363942509944371,0.38461538461538464
2014-03-27,26,11,2014-08-02 21:13:50.769230848,2014-06-07 00:00:00,0.023534643020320045,0.4230769230769231
2014-04-03,26,11,2014-08-07 07:23:04.615384576,2014-06-27 12:00:00,0.0231583282138373,0.4230769230769231
2014-04-10,26,10,2014-08-13 16:36:55.384615424,2014-07-12 00:00:00,0.02272581530639383,0.38461538461538464
2014-04-17,26,11,2014-09-14 00:00:00.000000000,2014-08-25 12:00:00,0.02255396621604449,0.4230769230769231
2014-04-28,26,13,2014-10-06 12:55:23.076923136,2014-09-14 00:00:00,0.022229432799887597,0.5
2014-05-06,26,15,2014-10-27 07:23:04.615384576,2014-09-28 12:00:00,0.02191603560473472,0.5769230769230769
2014-05-13,26,14,2014-10-24 03:41:32.307692288,2014-09-17 00:00:00,0.02174439193767056,0.5384615384615384
2014-05-20,26,19,2014-11-28 00:00:00.000000000,2014-10-17 12:00:00,0.021592128463765493,0.7307692307692307
2014-05-27,26,16,2014-11-19 16:36:55.384615424,2014-10-13 12:00:00,0.02119050484160651,0.6153846153846154
2014-06-04,26,16,2014-11-29 06:27:41.538461440,2014-10-24 00:00:00,0.020812428101415235,0.6153846153846154
2014-06-12,26,17,2014-12-12 02:46:09.230769152,2014-11-05 00:00:00,0.020463211482337276,0.6538461538461539
2014-06-19,26,18,2014-11-20 01:50:46.153846272,2014-10-05 00:00:00,0.02022814926951824,0.6923076923076923
2014-06-26,26,16,2014-11-07 07:23:04.615384576,2014-09-05 12:00:00,0.019900991627823068,0.6153846153846154
2014-07-03,26,14,2014-11-15 08:18:27.692307712,2014-10-07 12:00:00,0.019584805135781178,0.5384615384615384
2014-07-10,26,14,2014-10-16 01:50:46.153846272,2014-10-03 12:00:00,0.01947869408554698,0.5384615384615384
2014-07-17,26,17,2014-11-10 00:00:00.000000000,2014-10-24 12:00:00,0.019425931505925982,0.6538461538461539
2014-07-24,26,19,2014-12-03 17:32:18.461538560,2014-11-06 00:00:00,0.019363248581806377,0.7307692307692307
2014-07-31,26,16,2014-12-14 16:36:55.384615424,2014-11-26 00:00:00,0.01921743277088582,0.6153846153846154
2014-08-08,26,11,2015-05-12 01:50:46.153846272,2015-03-08 12:00:00,0.019767796586081705,0.4230769230769231
2014-08-15,26,12,2015-07-20 01:50:46.153846272,2015-08-21 12:00:00,0.019981947191061607,0.46153846153846156
2014-08-22,26,12,2015-07-27 02:46:09.230769152,2015-12-13 00:00:00,0.02002393112094534,0.46153846153846156
2014-08-29,26,12,2015-07-12 09:13:50.769230848,2015-06-11 12:00:00,0.020046350472833707,0.46153846153846156
2014-09-05,26,11,2015-07-11 23:04:36.923076864,2015-04-02 12:00:00,0.019893288475179245,0.4230769230769231
2014-09-12,26,13,2015-07-18 00:55:23.076923136,2015-04-30 00:00:00,0.019619687649073715,0.5
2014-09-19,26,17,2015-07-18 10:09:13.846153728,2015-04-06 00:00:00,0.019358098659821042,0.6538461538461539
2014-09-26,26,18,2015-08-20 06:27:41.538461440,2015-11-25 00:00:00,0.01926364060798561,0.6923076923076923
2014-10-03,26,18,2015-08-13 12:55:23.076923136,2015-08-17 00:00:00,0.019373948286179103,0.6923076923076923
2014-10-10,26,10,2015-10-14 14:46:09.230769152,2016-02-16 12:00:00,0.019767294499295835,0.38461538461538464
2014-10-17,26,10,2015-12-22 23:04:36.923076864,2016-02-29 00:00:00,0.020999653634686755,0.38461538461538464
2014-10-24,26,8,2015-12-30 19:23:04.615384576,2016-03-07 00:00:00,0.021029601113277698,0.3076923076923077
2014-10-31,26,8,2016-01-07 09:13:50.769230848,2016-03-14 00:00:00,0.020969502563445788,0.3076923076923077
2014-11-07,26,8,2016-01-06 06:27:41.538461440,2016-03-21 00:00:00,0.020947886575764494,0.3076923076923077
2014-11-14,26,7,2015-12-17 18:27:41.538461440,2016-03-27 12:00:00,0.020802477313153385,0.2692307692307692
2014-11-21,26,7,2015-12-05 16:36:55.384615424,2016-04-03 12:00:00,0.02061915734947501,0.2692307692307692
2014-11-28,26,7,2015-11-07 08:18:27.692307712,2016-01-03 00:00:00,0.02074593641393182,0.2692307692307692
2014-12-05,26,7,2015-10-23 12:55:23.076923136,2015-10-10 00:00:00,0.02099293487710263,0.2692307692307692
2014-12-12,26,7,2015-10-30 06:27:41.538461440,2015-10-15 12:00:00,0.021093281273110696,0.2692307692307692
2014-12-19,26,6,2015-11-08 00:55:23.076923136,2015-12-01 00:00:00,0.021207653264897035,0.23076923076923078
2015-01-06,26,6,2015-11-19 02:46:09.230769152,2016-01-27 00:00:00,0.021017221457639897,0.23076923076923078
2015-01-13,26,6,2015-11-26 17:32:18.461538560,2016-02-16 12:00:00,0.020837101140021262,0.23076923076923078
2015-01-20,26,5,2015-11-15 02:46:09.230769152,2015-11-25 12:00:00,0.02093829114320344,0.19230769230769232
2015-01-27,26,6,2016-01-08 11:04:36.923076864,2015-12-19 12:00:00,0.022016779041447925,0.23076923076923078
2015-02-03,26,5,2015-12-27 10:09:13.846153728,2015-12-19 00:00:00,0.02208456846188844,0.19230769230769232
2015-02-10,26,5,2015-12-21 05:32:18.461538560,2015-11-11 00:00:00,0.0221384885892339,0.19230769230769232
2015-02-17,26,5,2016-01-06 22:09:13.846153728,2015-11-29 12:00:00,0.02232366415533502,0.19230769230769232
2015-02-24,26,4,2016-01-11 14:46:09.230769152,2015-11-26 12:00:00,0.02235147865626214,0.15384615384615385
2015-03-03,26,4,2016-01-12 09:13:50.769230848,2015-11-30 12:00:00,0.02241875915280784,0.15384615384615385
2015-03-10,26,4,2015-12-24 15:41:32.307692288,2015-11-14 00:00:00,0.022396003406206618,0.15384615384615385
2015-03-17,26,3,2015-12-09 17:32:18.461538560,2015-11-09 00:00:00,0.022361029479876223,0.11538461538461539
2015-03-24,26,3,2015-11-30 13:50:46.153846272,2015-11-14 00:00:00,0.02229896895611954,0.11538461538461539
2015-03-31,26,4,2015-11-02 08:18:27.692307712,2015-10-16 00:00:00,0.02210914242579794,0.15384615384615385
2015-04-09,26,4,2015-11-07 08:18:27.692307712,2015-10-23 00:00:00,0.02187951354519884,0.15384615384615385
2015-04-16,26,2,2015-11-29 05:32:18.461538560,2015-11-06 00:00:00,0.02176023506505677,0.07692307692307693
2015-04-23,26,2,2015-11-24 14:46:09.230769152,2015-11-06 12:00:00,0.02162893612338277,0.07692307692307693
2015-04-30,26,3,2015-11-08 23:04:36.923076864,2015-10-24 12:00:00,0.02160494496445013,0.11538461538461539
2015-05-08,26,2,2015-11-06 02:46:09.230769152,2015-10-19 00:00:00,0.02166093172320814,0.07692307692307693
2015-05-18,26,2,2015-11-07 05:32:18.461538560,2015-10-24 00:00:00,0.02150361892877996,0.07692307692307693
2015-05-26,26,1,2015-11-01 15:41:32.307692288,2015-10-26 12:00:00,0.021462974976814004,0.038461538461538464
2015-06-02,26,1,2015-11-01 02:46:09.230769152,2015-10-29 12:00:00,0.021303665111531676,0.038461538461538464
2015-06-09,26,1,2015-11-22 18:27:41.538461440,2015-10-29 00:00:00,0.021355724217062184,0.038461538461538464
2015-06-16,26,0,2015-11-30 09:13:50.769230848,2015-11-01 00:00:00,0.021241809956673963,0.0
2015-06-23,26,0,2015-12-04 02:46:09.230769152,2015-11-01 12:00:00,0.021124800041826593,0.0
2015-06-30,26,0,2015-12-12 23:04:36.923076864,2015-11-06 00:00:00,0.021115295910783975,0.0
2015-07-07,26,0,2016-01-09 07:23:04.615384576,2015-11-24 12:00:00,0.02130460460983835,0.0
2015-07-14,26,0,2016-01-08 00:55:23.076923136,2015-11-28 00:00:00,0.02140212718965321,0.0
2015-07-21,26,0,2015-12-19 01:50:46.153846272,2015-11-21 12:00:00,0.021286355205342205,0.0
2015-07-28,26,0,2016-01-26 22:09:13.846153728,2015-12-14 00:00:00,0.021421430459583515,0.0
2015-08-04,26,0,2016-02-21 16:36:55.384615424,2016-01-11 00:00:00,0.021426746986294,0.0
2015-08-11,26,0,2016-03-20 11:04:36.923076864,2016-02-02 00:00:00,0.02140674219089384,0.0
2015-08-18,26,0,2016-04-26 16:36:55.384615424,2016-03-03 00:00:00,0.022039283742354254,0.0
2015-08-25,26,0,2016-07-04 18:27:41.538461440,2016-06-04 12:00:00,0.024965363038478836,0.0
2015-09-01,26,0,2016-09-15 08:18:27.692307712,2016-10-04 12:00:00,0.026604814725898488,0.0
2015-09-08,26,0,2016-11-21 08:18:27.692307712,2016-12-15 12:00:00,0.02777226417736721,0.0
2015-09-15,26,0,2016-12-07 12:00:00.000000000,2017-01-18 00:00:00,0.028373316148057423,0.0
2015-09-22,26,0,2016-11-24 12:55:23.076923136,2017-01-30 00:00:00,0.02877340746818291,0.0
2015-09-29,26,0,2016-12-19 02:46:09.230769152,2017-02-07 12:00:00,0.029721974207813376,0.0
2015-10-06,26,0,2016-12-05 12:55:23.076923136,2017-02-15 12:00:00,0.030100237368771123,0.0
2015-10-13,26,0,2016-12-04 07:23:04.615384576,2017-02-21 12:00:00,0.0304302943607785,0.0
2015-10-20,26,0,2016-12-07 03:41:32.307692288,2017-02-23 12:00:00,0.030488538529229028,0.0
2015-10-27,26,0,2016-11-17 12:55:23.076923136,2017-02-23 00:00:00,0.0305995944982954,0.0
2015-11-03,26,0,2016-11-09 08:18:27.692307712,2017-02-27 00:00:00,0.030617518712238535,0.0
2015-11-10,26,0,2016-10-10 22:09:13.846153728,2016-11-04 00:00:00,0.030559737575512218,0.0
2015-11-17,26,0,2016-10-20 08:18:27.692307712,2016-12-27 12:00:00,0.030566403267496486,0.0
2015-11-24,26,0,2016-11-14 23:04:36.923076864,2017-02-25 00:00:00,0.0303492636602771,0.0
2015-12-01,26,0,2016-11-13 00:55:23.076923136,2017-02-20 12:00:00,0.030139108806446453,0.0
2015-12-08,26,0,2016-10-29 10:09:13.846153728,2017-01-01 00:00:00,0.030500850631777,0.0
2015-12-15,26,0,2016-11-28 15:41:32.307692288,2017-04-14 12:00:00,0.03160570061432409,0.0
2015-12-22,26,0,2016-12-03 12:00:00.000000000,2017-04-24 12:00:00,0.03223783914812617,0.0
2016-01-04,26,0,2016-12-11 15:41:32.307692288,2017-05-01 12:00:00,0.032624545410025664,0.0
2016-01-11,26,0,2016-11-16 22:09:13.846153728,2016-12-26 00:00:00,0.033324817668838005,0.0
2016-01-18,26,0,2016-10-24 10:09:13.846153728,2016-11-06 00:00:00,0.034242689290344096,0.0
2016-01-25,26,0,2016-11-29 00:00:00.000000000,2017-01-30 12:00:00,0.03545789820706498,0.0
2016-02-01,26,0,2016-11-28 01:50:46.153846272,2017-02-05 00:00:00,0.035512805661862,0.0
2016-02-08,26,0,2016-12-19 16:36:55.384615424,2017-03-19 00:00:00,0.036200874193060825,0.0
2016-02-15,26,0,2017-01-23 22:09:13.846153728,2017-06-24 12:00:00,0.037398213211815474,0.0
2016-02-22,26,0,2017-01-11 12:55:23.076923136,2017-05-26 00:00:00,0.037255026319307744,0.0
2016-02-29,26,0,2017-02-18 17:32:18.461538560,2017-07-13 00:00:00,0.03720274721849463,0.0
2016-03-07,26,0,2017-02-27 08:18:27.692307712,2017-07-10 00:00:00,0.03694634261188531,0.0
2016-03-14,26,0,2017-02-13 19:23:04.615384576,2017-06-15 12:00:00,0.03648287677441267,0.0
2016-03-21,26,0,2017-03-02 12:00:00.000000000,2017-06-25 12:00:00,0.0359351477283271,0.0
2016-03-30,26,0,2017-03-24 13:50:46.153846272,2017-08-12 00:00:00,0.03563124837642198,0.0
2016-04-06,26,0,2017-03-09 03:41:32.307692288,2017-06-22 00:00:00,0.03527942184774634,0.0
2016-04-13,26,0,2017-03-22 11:04:36.923076864,2017-07-04 00:00:00,0.03518360067536132,0.0
2016-04-20,26,0,2017-04-03 22:09:13.846153728,2017-06-15 12:00:00,0.03541002605505003,0.0
2016-04-27,26,0,2017-04-11 07:23:04.615384576,2017-06-02 00:00:00,0.03544620490074675,0.0
2016-05-04,26,0,2017-04-18 17:32:18.461538560,2017-06-01 00:00:00,0.035351372242733034,0.0
2016-05-12,26,0,2017-04-26 22:09:13.846153728,2017-05-30 12:00:00,0.035312533651938524,0.0
2016-05-20,26,0,2017-04-13 05:32:18.461538560,2017-05-27 00:00:00,0.035293382277495414,0.0
2016-05-27,26,0,2017-04-16 14:46:09.230769152,2017-05-18 00:00:00,0.03536268062221444,0.0
2016-06-03,26,0,2017-04-25 20:18:27.692307712,2017-06-18 00:00:00,0.035074893801581256,0.0
2016-06-10,26,0,2017-04-16 00:00:00.000000000,2017-06-09 12:00:00,0.0348022492732023,0.0
2016-06-17,26,0,2017-05-06 06:27:41.538461440,2017-07-15 12:00:00,0.03514215766183022,0.0
2016-06-24,26,0,2017-05-08 20:18:27.692307712,2017-08-24 12:00:00,0.03516424538296826,0.0
2016-07-01,26,0,2017-05-21 12:00:00.000000000,2017-09-23 12:00:00,0.035331444436097495,0.0
2016-07-08,26,0,2017-06-10 16:36:55.384615424,2017-10-04 12:00:00,0.03523541174471451,0.0
2016-07-15,26,0,2017-04-25 15:41:32.307692288,2017-09-08 00:00:00,0.03508557290696919,0.0
2016-07-22,26,0,2017-05-05 04:36:55.384615424,2017-09-18 00:00:00,0.03509559423918522,0.0
2016-07-29,26,0,2017-04-26 12:00:00.000000000,2017-04-03 00:00:00,0.034983163218101326,0.0
2016-08-08,26,0,2017-06-09 09:13:50.769230848,2017-11-01 00:00:00,0.034777835704279066,0.0
2016-08-15,26,0,2017-06-01 14:46:09.230769152,2017-10-05 00:00:00,0.03455283039538686,0.0
2016-08-22,26,0,2017-06-07 23:04:36.923076864,2017-10-25 00:00:00,0.03443020353717768,0.0
2016-08-29,26,0,2017-07-23 06:27:41.538461440,2018-01-02 00:00:00,0.034534684267074796,0.0
2016-09-05,26,0,2017-09-09 07:23:04.615384576,2018-01-16 00:00:00,0.034596332104434385,0.0
2016-09-12,26,0,2017-09-20 11:04:36.923076864,2018-01-16 00:00:00,0.03430603316121535,0.0
2016-09-19,26,0,2017-09-27 07:23:04.615384576,2018-01-22 00:00:00,0.034011971441111184,0.0
2016-09-26,26,0,2017-09-22 10:09:13.846153728,2018-01-25 12:00:00,0.03379535054850614,0.0
2016-10-03,26,0,2017-08-31 07:23:04.615384576,2017-11-14 12:00:00,0.03371094247254993,0.0
2016-10-10,26,0,2017-07-28 00:00:00.000000000,2017-09-12 12:00:00,0.033528051371077616,0.0
2016-10-17,26,0,2017-06-06 23:04:36.923076864,2017-05-24 12:00:00,0.03321314143725715,0.0
2016-10-24,26,0,2017-06-11 20:18:27.692307712,2017-05-19 00:00:00,0.032757178716917926,0.0
2016-10-31,26,0,2017-06-06 19:23:04.615384576,2017-05-23 12:00:00,0.03249515636609994,0.0
2016-11-07,26,0,2017-06-03 01:50:46.153846272,2017-05-12 00:00:00,0.032498615226632284,0.0
2016-11-14,26,0,2017-06-05 13:50:46.153846272,2017-05-12 12:00:00,0.03216695678104983,0.0
2016-11-21,26,0,2017-05-26 16:36:55.384615424,2017-05-13 12:00:00,0.031784851790374435,0.0
2016-11-28,26,0,2017-06-17 13:50:46.153846272,2017-05-29 00:00:00,0.031372120664411855,0.0
2016-12-05,26,0,2017-06-20 22:09:13.846153728,2017-06-07 12:00:00,0.031053403922863897,0.0
2016-12-12,26,0,2017-08-02 09:13:50.769230848,2017-06-09 12:00:00,0.031179657984551804,0.0
2016-12-19,26,0,2017-09-16 23:04:36.923076864,2017-08-30 12:00:00,0.031351314597374454,0.0
2016-12-27,26,0,2017-10-17 03:41:32.307692288,2017-10-27 00:00:00,0.031446444435836114,0.0
2017-01-04,26,0,2017-12-12 11:04:36.923076864,2018-04-28 12:00:00,0.031327389537375565,0.0
2017-01-11,26,0,2017-12-31 16:36:55.384615424,2018-05-26 00:00:00,0.03125743245141514,0.0
2017-01-18,26,0,2018-02-14 04:36:55.384615424,2018-06-02 00:00:00,0.031358329210918155,0.0
2017-01-25,26,0,2018-02-10 19:23:04.615384576,2018-06-09 00:00:00,0.03113757845620109,0.0
2017-02-01,26,0,2018-03-26 08:18:27.692307712,2018-06-16 00:00:00,0.030902326916756213,0.0
2017-02-08,26,0,2018-03-16 16:36:55.384615424,2018-06-23 00:00:00,0.030427364627664873,0.0
2017-02-15,26,0,2018-03-04 11:04:36.923076864,2018-06-30 00:00:00,0.03006036854902994,0.0
2017-02-22,26,0,2018-03-04 01:50:46.153846272,2018-07-07 00:00:00,0.029928012318451158,0.0
2017-03-01,26,0,2018-04-05 13:50:46.153846272,2018-07-14 00:00:00,0.02964758022850504,0.0
2017-03-08,26,0,2018-04-14 23:04:36.923076864,2018-07-21 00:00:00,0.029308949821683337,0.0
2017-03-15,26,1,2018-03-17 11:04:36.923076864,2018-07-28 00:00:00,0.02883025604880514,0.038461538461538464
2017-03-22,26,0,2018-03-27 01:50:46.153846272,2018-08-04 00:00:00,0.028452733218984987,0.0
2017-03-29,26,1,2018-04-06 16:36:55.384615424,2018-08-11 00:00:00,0.02826928499410501,0.038461538461538464
2017-04-05,26,1,2018-05-01 08:18:27.692307712,2018-08-18 00:00:00,0.027964189139586062,0.038461538461538464
2017-04-12,26,2,2018-04-06 11:04:36.923076864,2018-08-25 00:00:00,0.02760051205373278,0.07692307692307693
2017-04-21,26,1,2018-04-09 05:32:18.461538560,2018-09-03 00:00:00,0.02723693940838581,0.038461538461538464
2017-04-28,26,2,2018-05-08 22:09:13.846153728,2018-09-10 00:00:00,0.02691493116153146,0.07692307692307693
2017-05-08,26,1,2018-05-16 12:55:23.076923136,2018-09-20 00:00:00,0.026768427390922406,0.038461538461538464
2017-05-15,26,1,2018-06-04 04:36:55.384615424,2018-09-27 00:00:00,0.02655837243782207,0.038461538461538464
2017-05-22,26,2,2018-06-02 08:18:27.692307712,2018-10-04 00:00:00,0.0262287102725618,0.07692307692307693
2017-05-30,26,1,2018-06-16 19:23:04.615384576,2018-10-12 00:00:00,0.025830412992266537,0.038461538461538464
2017-06-07,26,2,2018-07-12 17:32:18.461538560,2018-10-20 00:00:00,0.025530465355478267,0.07692307692307693
2017-06-14,26,2,2018-07-11 18:27:41.538461440,2018-10-27 00:00:00,0.025391049200674795,0.07692307692307693
2017-06-21,26,2,2018-07-14 19:23:04.615384576,2018-11-03 00:00:00,0.025161659220695628,0.07692307692307693
2017-06-28,26,2,2018-08-27 12:00:00.000000000,2018-11-08 12:00:00,0.02494608393073078,0.07692307692307693
2017-07-05,26,1,2018-09-30 03:41:32.307692288,2018-11-17 00:00:00,0.02467489871649086,0.038461538461538464
2017-07-12,26,0,2018-09-10 13:50:46.153846272,2018-11-21 12:00:00,0.024286402826787616,0.0
2017-07-19,26,1,2018-09-16 11:04:36.923076864,2018-11-29 12:00:00,0.024043588983430373,0.038461538461538464
2017-07-26,26,0,2018-09-16 08:18:27.692307712,2018-12-07 00:00:00,0.023790962433545726,0.0
2017-08-03,26,0,2018-09-29 06:27:41.538461440,2018-12-10 12:00:00,0.023411856376624185,0.0
2017-08-10,26,0,2018-10-06 14:46:09.230769152,2018-12-17 12:00:00,0.02301934288438863,0.0
2017-08-17,26,0,2018-10-16 16:36:55.384615424,2018-12-22 12:00:00,0.02268802642229351,0.0
2017-08-24,26,0,2018-10-18 15:41:32.307692288,2018-12-29 12:00:00,0.022418449164704132,0.0
2017-08-31,26,0,2018-10-31 15:41:32.307692288,2019-01-04 12:00:00,0.02221941486030127,0.0
2017-09-07,26,0,2018-10-25 17:32:18.461538560,2018-12-20 00:00:00,0.021880358595026253,0.0
2017-09-14,26,0,2018-09-30 20:18:27.692307712,2018-12-22 00:00:00,0.021613510538458985,0.0
2017-09-21,26,0,2018-08-27 23:04:36.923076864,2018-07-10 12:00:00,0.021311145724115747,0.0
2017-09-28,26,0,2018-08-25 15:41:32.307692288,2018-09-06 00:00:00,0.02111442911019866,0.0
2017-10-05,26,0,2018-09-05 00:55:23.076923136,2018-12-30 12:00:00,0.021042869985943867,0.0
2017-10-12,26,0,2018-09-16 12:55:23.076923136,2019-02-02 12:00:00,0.020840699580985337,0.0
2017-10-19,26,0,2018-08-07 07:23:04.615384576,2018-04-13 00:00:00,0.020565823498827622,0.0
2017-10-26,26,0,2018-08-07 17:32:18.461538560,2018-04-18 00:00:00,0.02031462695982212,0.0
2017-11-02,26,0,2018-08-19 23:04:36.923076864,2018-04-18 12:00:00,0.020246601162254345,0.0
2017-11-09,26,0,2018-08-14 00:00:00.000000000,2018-04-29 12:00:00,0.020206259994548354,0.0
2017-11-16,26,0,2018-08-02 04:36:55.384615424,2018-04-13 00:00:00,0.02014220616641143,0.0
2017-11-23,26,0,2018-08-28 10:09:13.846153728,2018-04-24 00:00:00,0.019920564984332707,0.0
2017-11-30,26,0,2018-10-08 23:04:36.923076864,2019-02-03 12:00:00,0.019805910458725682,0.0
2017-12-07,26,0,2018-09-28 03:41:32.307692288,2018-11-22 00:00:00,0.019612697938633968,0.0
2017-12-14,26,0,2018-09-19 05:32:18.461538560,2018-09-01 12:00:00,0.019402881440063278,0.0
2017-12-21,26,0,2018-10-04 10:09:13.846153728,2018-10-19 12:00:00,0.019164647689670147,0.0
2018-01-03,26,0,2018-10-05 19:23:04.615384576,2018-11-07 12:00:00,0.0188828534590071,0.0
2018-01-10,26,0,2018-09-18 04:36:55.384615424,2018-05-25 12:00:00,0.01869649650830994,0.0
2018-01-17,26,0,2018-09-23 20:18:27.692307712,2018-05-25 00:00:00,0.01854231112559732,0.0
2018-01-24,26,0,2018-09-24 02:46:09.230769152,2018-05-23 12:00:00,0.018561975651432153,0.0
2018-01-31,26,0,2018-09-10 08:18:27.692307712,2018-05-23 00:00:00,0.018313487606946746,0.0
2018-02-07,26,0,2018-08-23 15:41:32.307692288,2018-05-12 00:00:00,0.018683802343709113,0.0
2018-02-14,26,0,2018-08-06 13:50:46.153846272,2018-05-05 00:00:00,0.019749498049146424,0.0
2018-02-21,26,0,2018-08-11 09:13:50.769230848,2018-05-12 12:00:00,0.01999964073646097,0.0
2018-02-28,26,0,2018-07-26 01:50:46.153846272,2018-05-14 00:00:00,0.020088723716389596,0.0
2018-03-07,26,0,2018-10-28 01:50:46.153846272,2018-06-23 12:00:00,0.02099871044597843,0.0
2018-03-14,26,0,2018-11-22 14:46:09.230769152,2018-07-13 12:00:00,0.021140532893312476,0.0
2018-03-21,26,0,2018-12-31 14:46:09.230769152,2019-03-29 12:00:00,0.02122221437718563,0.0
2018-03-28,26,0,2019-02-15 19:23:04.615384576,2019-07-19 12:00:00,0.02161130295732597,0.0
2018-04-06,26,0,2019-03-29 22:09:13.846153728,2019-08-19 00:00:00,0.021678812484674966,0.0
2018-04-13,26,0,2019-04-05 02:46:09.230769152,2019-08-26 00:00:00,0.02150520948506904,0.0
2018-04-20,26,0,2019-03-30 01:50:46.153846272,2019-09-02 00:00:00,0.021228387901410573,0.0
2018-04-27,26,0,2019-03-27 09:13:50.769230848,2019-09-09 00:00:00,0.021032451844441954,0.0
2018-05-07,26,0,2019-04-08 15:41:32.307692288,2019-09-18 00:00:00,0.020914775862239825,0.0
2018-05-15,26,0,2019-03-26 22:09:13.846153728,2019-08-05 00:00:00,0.020883478541652678,0.0
2018-05-23,26,0,2019-03-31 06:27:41.538461440,2019-08-08 12:00:00,0.02075940838826227,0.0
2018-05-30,26,0,2019-03-31 06:27:41.538461440,2019-05-17 12:00:00,0.020459899765434778,0.0
2018-06-06,26,0,2019-04-04 09:13:50.769230848,2019-05-01 12:00:00,0.020224333668716614,0.0
2018-06-13,26,0,2019-04-10 14:46:09.230769152,2019-06-23 12:00:00,0.020062640268622645,0.0
2018-06-20,26,0,2019-04-30 23:04:36.923076864,2019-07-23 00:00:00,0.01998532900344548,0.0
2018-06-27,26,0,2019-05-15 16:36:55.384615424,2019-06-10 12:00:00,0.01986987905827831,0.0
2018-07-04,26,0,2019-05-17 14:46:09.230769152,2019-06-24 12:00:00,0.01964739875997466,0.0
2018-07-11,26,0,2019-05-19 21:13:50.769230848,2019-08-06 00:00:00,0.019466860336492007,0.0
2018-07-18,26,0,2019-05-26 00:55:23.076923136,2019-09-23 00:00:00,0.019311480150883388,0.0
2018-07-25,26,0,2019-05-24 00:00:00.000000000,2019-11-19 12:00:00,0.01910366849500429,0.0
2018-08-02,26,0,2019-05-17 11:04:36.923076864,2019-06-18 12:00:00,0.018811439532307947,0.0
2018-08-09,26,0,2019-05-23 09:13:50.769230848,2019-06-19 12:00:00,0.01849498960490912,0.0
2018-08-16,26,0,2019-06-07 00:55:23.076923136,2019-12-26 12:00:00,0.018362132021042685,0.0
2018-08-23,26,0,2019-05-28 03:41:32.307692288,2019-06-25 12:00:00,0.018188257855363987,0.0
2018-08-30,26,0,2019-05-30 20:18:27.692307712,2019-06-30 12:00:00,0.018019471050736348,0.0
2018-09-06,26,0,2019-05-31 16:36:55.384615424,2019-07-05 12:00:00,0.01805419535472588,0.0
2018-09-13,26,0,2019-05-23 07:23:04.615384576,2018-12-22 12:00:00,0.01807471428345249,0.0
2018-09-20,26,0,2019-05-27 12:00:00.000000000,2018-12-22 12:00:00,0.017972495243035923,0.0
2018-09-27,26,0,2019-06-02 00:55:23.076923136,2018-12-21 00:00:00,0.017848741350337545,0.0
2018-10-04,26,0,2019-06-13 06:27:41.538461440,2018-12-20 12:00:00,0.017767777507255486,0.0
2018-10-11,26,0,2019-06-08 03:41:32.307692288,2018-12-14 00:00:00,0.018198847902476785,0.0
2018-10-18,26,0,2019-07-03 09:13:50.769230848,2019-01-07 00:00:00,0.01896338557815142,0.0
2018-10-25,26,0,2019-07-20 11:04:36.923076864,2019-08-19 00:00:00,0.019961146749022787,0.0
2018-11-01,26,0,2019-07-20 02:46:09.230769152,2019-07-21 00:00:00,0.020580602522952716,0.0
2018-11-08,26,0,2019-07-23 23:04:36.923076864,2019-08-13 00:00:00,0.020613559478075614,0.0
2018-11-15,26,0,2019-09-12 00:55:23.076923136,2020-03-22 00:00:00,0.020541089467582978,0.0
2018-11-22,26,0,2019-09-18 11:04:36.923076864,2020-03-26 00:00:00,0.020610537775717416,0.0
2018-11-29,26,0,2019-10-14 12:55:23.076923136,2020-04-11 00:00:00,0.020656930173031045,0.0
2018-12-06,26,0,2019-11-12 12:00:00.000000000,2020-04-19 00:00:00,0.020800899144423405,0.0
2018-12-13,26,0,2019-11-28 22:09:13.846153728,2020-04-26 00:00:00,0.021122475921373306,0.0
2018-12-20,26,0,2020-02-15 23:04:36.923076864,2020-05-03 00:00:00,0.021566615977808033,0.0
2019-01-04,26,0,2020-03-17 08:18:27.692307712,2020-05-18 00:00:00,0.021870977797241866,0.0
2019-01-11,26,0,2020-03-06 11:04:36.923076864,2020-05-25 00:00:00,0.021972180549569623,0.0
2019-01-18,26,0,2020-02-28 20:18:27.692307712,2020-05-31 12:00:00,0.02203443970342556,0.0
2019-01-25,26,0,2020-02-04 23:04:36.923076864,2020-03-05 00:00:00,0.022009912022530984,0.0
2019-02-01,26,0,2020-01-11 23:04:36.923076864,2020-01-26 00:00:00,0.021858201920013396,0.0
2019-02-08,26,0,2020-01-08 05:32:18.461538560,2020-01-03 00:00:00,0.02174006964084183,0.0
2019-02-15,26,0,2019-12-25 04:36:55.384615424,2019-10-01 12:00:00,0.021696819671052588,0.0
2019-02-22,26,0,2019-12-25 21:13:50.769230848,2019-10-29 00:00:00,0.02174061571784406,0.0
2019-03-01,26,0,2019-12-29 09:13:50.769230848,2019-10-16 00:00:00,0.02176202381773745,0.0
2019-03-08,26,0,2019-12-24 12:55:23.076923136,2019-10-04 00:00:00,0.021700847221912352,0.0
2019-03-15,26,0,2019-12-31 16:36:55.384615424,2019-10-25 12:00:00,0.021684205705258305,0.0
2019-03-22,26,0,2020-01-06 17:32:18.461538560,2019-11-18 12:00:00,0.021882479870108294,0.0
2019-03-29,26,0,2020-01-14 12:55:23.076923136,2019-12-09 00:00:00,0.021881133768003495,0.0
2019-04-05,26,0,2020-02-02 00:00:00.000000000,2019-12-29 00:00:00,0.02212420426861657,0.0
2019-04-12,26,0,2020-02-20 05:32:18.461538560,2020-02-02 00:00:00,0.022162695644124267,0.0
2019-04-23,26,0,2020-03-14 06:27:41.538461440,2020-03-20 00:00:00,0.022290178515798707,0.0
2019-04-30,26,0,2020-04-03 09:13:50.769230848,2020-04-02 00:00:00,0.02236225323537467,0.0
2019-05-08,26,0,2020-04-04 14:46:09.230769152,2020-03-31 12:00:00,0.022188671559010015,0.0
2019-05-15,26,0,2020-03-23 03:41:32.307692288,2020-03-09 00:00:00,0.022016970176542163,0.0
2019-05-22,26,0,2020-03-23 23:04:36.923076864,2020-02-07 12:00:00,0.021799485069021667,0.0
2019-05-29,26,0,2020-03-29 00:00:00.000000000,2020-02-24 12:00:00,0.02167143920407957,0.0
2019-06-06,26,0,2020-03-13 08:18:27.692307712,2020-01-18 12:00:00,0.02159839619722004,0.0
2019-06-14,26,0,2020-02-13 04:36:55.384615424,2019-12-21 00:00:00,0.021524828055374055,0.0
2019-06-21,26,0,2020-02-03 03:41:32.307692288,2019-12-29 12:00:00,0.021446832614420645,0.0
2019-06-28,26,0,2020-02-20 08:18:27.692307712,2020-01-15 00:00:00,0.02127481338781944,0.0
2019-07-05,26,0,2020-02-26 19:23:04.615384576,2020-01-29 12:00:00,0.02127144415720085,0.0
2019-07-12,26,0,2020-02-11 14:46:09.230769152,2020-02-06 12:00:00,0.02120629813288322,0.0
2019-07-19,26,0,2020-02-26 04:36:55.384615424,2020-02-19 00:00:00,0.021008248961791452,0.0
2019-07-26,26,0,2020-03-01 23:04:36.923076864,2020-03-07 00:00:00,0.020828455649655266,0.0
2019-08-05,26,0,2020-03-01 20:18:27.692307712,2020-03-03 00:00:00,0.02079761416141184,0.0
2019-08-12,26,0,2020-02-22 06:27:41.538461440,2020-02-26 12:00:00,0.02108294031147117,0.0
2019-08-19,26,0,2020-04-01 05:32:18.461538560,2020-03-05 00:00:00,0.02163003275900959,0.0
2019-08-26,26,0,2020-03-02 14:46:09.230769152,2020-03-04 00:00:00,0.021519203893301916,0.0
2019-09-02,26,0,2020-03-02 20:18:27.692307712,2020-03-07 00:00:00,0.021469993643580747,0.0
2019-09-09,26,0,2020-01-25 12:00:00.000000000,2020-02-24 00:00:00,0.02131178186838613,0.0
2019-09-16,26,0,2020-02-24 11:04:36.923076864,2020-03-26 00:00:00,0.021482591244904196,0.0
2019-09-23,26,0,2020-02-14 18:27:41.538461440,2020-02-17 12:00:00,0.02150050025732075,0.0
2019-09-30,26,0,2020-03-09 10:09:13.846153728,2020-02-16 00:00:00,0.021413666961002706,0.0
2019-10-07,26,0,2020-03-15 15:41:32.307692288,2020-02-27 12:00:00,0.02130654187649172,0.0
2019-10-14,26,0,2020-04-03 12:55:23.076923136,2020-03-02 12:00:00,0.02134767666879642,0.0
2019-10-21,26,0,2020-04-20 00:55:23.076923136,2020-01-17 00:00:00,0.02130225198486056,0.0
2019-10-28,26,0,2020-05-20 09:13:50.769230848,2020-02-07 12:00:00,0.02136291965329719,0.0
2019-11-04,26,0,2020-05-28 19:23:04.615384576,2020-02-17 00:00:00,0.021341392769262977,0.0
2019-11-11,26,0,2020-07-02 16:36:55.384615424,2020-03-26 12:00:00,0.02165746303074675,0.0
2019-11-18,26,0,2020-06-29 20:18:27.692307712,2020-03-29 12:00:00,0.021651866547441383,0.0
2019-11-25,26,0,2020-08-20 09:13:50.769230848,2020-08-16 12:00:00,0.02184116908214066,0.0
2019-12-02,26,0,2020-08-04 23:04:36.923076864,2020-06-20 00:00:00,0.021816085669657013,0.0
2019-12-09,26,0,2020-08-03 12:00:00.000000000,2020-06-14 12:00:00,0.021708036345787437,0.0
2019-12-16,26,0,2020-07-26 16:36:55.384615424,2020-05-20 00:00:00,0.021779496866467265,0.0
2019-12-23,26,0,2020-09-21 09:13:50.769230848,2020-09-23 12:00:00,0.02205863088817906,0.0
2020-01-07,26,0,2020-10-08 12:00:00.000000000,2020-09-25 12:00:00,0.022244530631493453,0.0
2020-01-14,26,0,2020-10-17 03:41:32.307692288,2020-12-03 00:00:00,0.02234898648347757,0.0
2020-01-21,26,0,2020-11-11 23:04:36.923076864,2021-02-07 00:00:00,0.022453215128013262,0.0
2020-01-28,26,0,2020-11-02 14:46:09.230769152,2020-12-19 12:00:00,0.022289621428108024,0.0
2020-02-04,26,0,2020-10-31 22:09:13.846153728,2020-11-18 12:00:00,0.022098034362602006,0.0
2020-02-11,26,1,2020-11-10 02:46:09.230769152,2021-02-06 12:00:00,0.022130970847470892,0.038461538461538464
2020-02-18,26,1,2020-12-03 08:18:27.692307712,2021-03-06 12:00:00,0.022234741936335616,0.038461538461538464
2020-02-25,26,0,2021-01-06 11:04:36.923076864,2021-04-08 12:00:00,0.022372580203350013,0.0
2020-03-03,26,0,2021-01-03 05:32:18.461538560,2021-02-18 12:00:00,0.024459114809470568,0.0
2020-03-10,26,0,2020-12-24 00:00:00.000000000,2021-01-13 12:00:00,0.028610121666404788,0.0
2020-03-17,26,0,2021-01-15 00:00:00.000000000,2021-01-13 00:00:00,0.04099607476664571,0.0
2020-03-24,26,0,2021-03-20 02:46:09.230769152,2021-02-09 00:00:00,0.048141740975749386,0.0
2020-03-31,26,0,2021-03-22 17:32:18.461538560,2021-02-12 00:00:00,0.04983358041562962,0.0
2020-04-07,26,0,2021-03-23 05:32:18.461538560,2021-03-28 12:00:00,0.05094080620563802,0.0
2020-04-16,26,0,2021-03-20 18:27:41.538461440,2021-04-21 00:00:00,0.051318701176612684,0.0
2020-04-23,26,0,2021-03-25 05:32:18.461538560,2021-05-03 12:00:00,0.05129455502562841,0.0
2020-04-30,26,0,2021-03-25 07:23:04.615384576,2021-05-15 12:00:00,0.051314016240788955,0.0
2020-05-08,26,0,2021-03-31 12:00:00.000000000,2021-05-24 00:00:00,0.05126526767952445,0.0
2020-05-15,26,0,2021-04-03 03:41:32.307692288,2021-06-03 12:00:00,0.051260399659143537,0.0
2020-05-25,26,0,2021-02-25 12:55:23.076923136,2021-04-27 12:00:00,0.051527553655770886,0.0
2020-06-02,26,0,2021-02-06 23:04:36.923076864,2021-02-28 00:00:00,0.05183010049017388,0.0
2020-06-09,26,0,2021-01-28 00:00:00.000000000,2021-01-25 00:00:00,0.05247082383779236,0.0
2020-06-16,26,0,2021-01-28 09:13:50.769230848,2021-01-17 00:00:00,0.05234443132105303,0.0
2020-06-23,26,0,2021-01-30 12:55:23.076923136,2021-01-18 00:00:00,0.05230308651795322,0.0
2020-06-30,26,0,2021-02-04 08:18:27.692307712,2021-01-18 00:00:00,0.052175852073229105,0.0
2020-07-07,26,0,2021-02-01 01:50:46.153846272,2021-01-20 00:00:00,0.052252849664125675,0.0
2020-07-14,26,0,2021-02-10 16:36:55.384615424,2021-01-31 00:00:00,0.052281564382495246,0.0
2020-07-21,26,0,2021-02-22 22:09:13.846153728,2021-02-07 00:00:00,0.052514717513863905,0.0
2020-07-28,26,0,2021-03-08 10:09:13.846153728,2021-02-08 12:00:00,0.05251391069200331,0.0
2020-08-04,26,0,2021-03-20 01:50:46.153846272,2021-02-16 00:00:00,0.052368239984897265,0.0
2020-08-11,26,0,2021-03-17 22:09:13.846153728,2021-02-17 00:00:00,0.05239067066667551,0.0
2020-08-18,26,0,2021-03-29 10:09:13.846153728,2021-02-21 00:00:00,0.05267567348247685,0.0
2020-08-25,26,0,2021-04-12 01:50:46.153846272,2021-02-26 00:00:00,0.052735514700207,0.0
2020-09-01,26,0,2021-04-11 21:13:50.769230848,2021-02-26 12:00:00,0.05261211874982742,0.0
2020-09-08,26,0,2021-04-18 11:04:36.923076864,2021-03-02 12:00:00,0.052014715345028266,0.0
2020-09-15,26,1,2021-04-12 02:46:09.230769152,2021-02-23 12:00:00,0.051765297326937465,0.038461538461538464
2020-09-22,26,0,2021-05-02 08:18:27.692307712,2021-02-23 12:00:00,0.05177434011325605,0.0
2020-09-29,26,0,2021-05-11 13:50:46.153846272,2021-02-19 00:00:00,0.05153375269240791,0.0
2020-10-06,26,0,2021-04-24 21:13:50.769230848,2021-02-16 00:00:00,0.05113560850810794,0.0
2020-10-13,26,0,2021-04-21 05:32:18.461538560,2021-02-18 12:00:00,0.05068618800406255,0.0
2020-10-20,26,0,2021-04-30 18:27:41.538461440,2021-02-25 12:00:00,0.050714810048437586,0.0
2020-10-27,26,0,2021-05-02 03:41:32.307692288,2021-03-01 12:00:00,0.05036437888949917,0.0
2020-11-03,26,0,2021-05-23 20:18:27.692307712,2021-03-08 00:00:00,0.050269589952007365,0.0
2020-11-10,26,0,2021-05-17 02:46:09.230769152,2021-03-23 00:00:00,0.050525953994552696,0.0
2020-11-17,26,0,2021-03-09 03:41:32.307692288,2021-02-14 12:00:00,0.050749545027361335,0.0
2020-11-24,26,0,2021-03-04 11:04:36.923076864,2021-01-13 00:00:00,0.05095719117845622,0.0
2020-12-01,26,0,2021-03-30 13:50:46.153846272,2021-02-28 00:00:00,0.05112649445018328,0.0
2020-12-08,26,0,2021-04-15 13:50:46.153846272,2021-02-14 00:00:00,0.050974851082509195,0.0
2020-12-15,26,0,2021-05-19 14:46:09.230769152,2021-03-04 00:00:00,0.05095649381317216,0.0
2020-12-22,26,0,2021-08-14 23:04:36.923076864,2021-06-05 00:00:00,0.05063839300132659,0.0
2021-01-04,26,0,2021-09-23 00:55:23.076923136,2021-07-04 12:00:00,0.05093658846961085,0.0
2021-01-11,26,0,2021-10-17 09:13:50.769230848,2021-07-29 12:00:00,0.05109161267228408,0.0
2021-01-18,26,0,2021-11-10 15:41:32.307692288,2022-01-23 00:00:00,0.05086008385661847,0.0
2021-01-25,26,0,2021-11-29 22:09:13.846153728,2022-06-09 00:00:00,0.05060406660059157,0.0
2021-02-01,26,0,2021-11-27 18:27:41.538461440,2022-06-16 00:00:00,0.05011762385352633,0.0
2021-02-08,26,0,2021-12-07 23:04:36.923076864,2022-06-23 00:00:00,0.05008998225412834,0.0
2021-02-15,26,0,2021-11-27 12:55:23.076923136,2022-06-30 00:00:00,0.049842983865229576,0.0
2021-02-22,26,0,2021-12-01 19:23:04.615384576,2022-07-02 00:00:00,0.04960449108092916,0.0
2021-03-01,26,0,2021-12-16 02:46:09.230769152,2022-07-14 00:00:00,0.04931558479904192,0.0
2021-03-08,26,0,2021-12-20 05:32:18.461538560,2022-07-21 00:00:00,0.04891249342142844,0.0
2021-03-15,26,0,2021-12-17 23:04:36.923076864,2022-07-20 12:00:00,0.048959381140891094,0.0
2021-03-22,26,1,2021-12-29 23:04:36.923076864,2022-08-04 00:00:00,0.048782474961372606,0.038461538461538464
2021-03-29,26,1,2022-01-14 19:23:04.615384576,2022-07-24 00:00:00,0.04856720052351438,0.038461538461538464
2021-04-07,26,1,2022-02-04 12:55:23.076923136,2022-08-20 00:00:00,0.048497228180786424,0.038461538461538464
2021-04-14,26,1,2022-01-14 07:23:04.615384576,2022-02-02 00:00:00,0.048073862397980546,0.038461538461538464
2021-04-21,26,1,2022-02-12 21:13:50.769230848,2022-06-03 00:00:00,0.04805078867028128,0.038461538461538464
2021-04-28,26,2,2022-02-20 22:09:13.846153728,2022-07-25 00:00:00,0.047648028159438055,0.07692307692307693
2021-05-05,26,2,2022-03-06 13:50:46.153846272,2022-06-07 00:00:00,0.047103221297724304,0.07692307692307693
2021-05-12,26,2,2022-02-26 17:32:18.461538560,2022-04-15 00:00:00,0.04649994682935111,0.07692307692307693
2021-05-20,26,1,2022-03-22 07:23:04.615384576,2022-05-29 00:00:00,0.045900040410737766,0.038461538461538464
2021-05-28,26,2,2022-04-15 07:23:04.615384576,2022-08-15 12:00:00,0.04558169518626375,0.07692307692307693
2021-06-04,26,1,2022-04-08 04:36:55.384615424,2022-07-13 12:00:00,0.04506951943344786,0.038461538461538464
2021-06-11,26,2,2022-04-20 10:09:13.846153728,2022-08-23 00:00:00,0.04432587075198873,0.07692307692307693
2021-06-18,26,2,2022-04-27 14:46:09.230769152,2022-09-05 00:00:00,0.043751602619578764,0.07692307692307693
2021-06-25,26,2,2022-04-11 21:13:50.769230848,2022-07-17 12:00:00,0.0431593349518236,0.07692307692307693
2021-07-02,26,2,2022-05-07 15:41:32.307692288,2022-09-22 00:00:00,0.04285028629479198,0.07692307692307693
2021-07-09,26,1,2022-06-13 23:04:36.923076864,2022-11-19 12:00:00,0.042472053927223405,0.038461538461538464
2021-07-16,26,3,2022-07-08 18:27:41.538461440,2022-11-25 00:00:00,0.04182335545219272,0.11538461538461539
2021-07-23,26,1,2022-08-11 14:46:09.230769152,2022-12-05 00:00:00,0.04149316600100887,0.038461538461538464
2021-07-30,26,3,2022-08-16 06:27:41.538461440,2022-12-12 00:00:00,0.040945554134576595,0.11538461538461539
2021-08-06,26,5,2022-07-10 01:50:46.153846272,2022-12-16 00:00:00,0.04065030316408022,0.19230769230769232
2021-08-13,26,5,2022-07-12 07:23:04.615384576,2022-12-26 00:00:00,0.0402247622152065,0.19230769230769232
2021-08-20,26,5,2022-07-27 12:55:23.076923136,2023-01-02 00:00:00,0.03960513809282895,0.19230769230769232
2021-08-27,26,6,2022-08-26 04:36:55.384615424,2023-01-09 00:00:00,0.039138648647213975,0.23076923076923078
2021-09-03,26,6,2022-08-25 10:09:13.846153728,2023-01-16 00:00:00,0.03864754287388068,0.23076923076923078
2021-09-10,26,6,2022-09-21 05:32:18.461538560,2023-01-23 00:00:00,0.0385332394585518,0.23076923076923078
2021-09-17,26,5,2022-11-30 15:41:32.307692288,2023-01-30 00:00:00,0.03837534918549534,0.19230769230769232
2021-09-24,26,1,2022-12-05 00:55:23.076923136,2023-02-06 00:00:00,0.03785480276726616,0.038461538461538464
2021-10-01,26,2,2022-12-28 16:36:55.384615424,2023-02-13 00:00:00,0.03752766371358769,0.07692307692307693
2021-10-08,26,1,2023-01-05 05:32:18.461538560,2023-02-20 00:00:00,0.03714382075543942,0.038461538461538464
2021-10-15,26,1,2023-01-19 09:13:50.769230848,2023-02-27 00:00:00,0.03703595283775017,0.038461538461538464
2021-10-22,26,0,2022-12-27 18:27:41.538461440,2023-03-06 00:00:00,0.036802072407792145,0.0
2021-10-29,26,4,2023-01-04 08:18:27.692307712,2023-03-13 00:00:00,0.03640325689518094,0.15384615384615385
2021-11-05,26,7,2022-11-14 11:04:36.923076864,2023-03-18 12:00:00,0.03601036599303115,0.2692307692307692
2021-11-12,26,7,2022-11-17 02:46:09.230769152,2023-03-26 00:00:00,0.035684156062886725,0.2692307692307692
2021-11-19,26,7,2022-11-08 02:46:09.230769152,2023-04-01 00:00:00,0.03556364846681986,0.2692307692307692
2021-11-26,26,9,2022-12-15 07:23:04.615384576,2023-04-07 00:00:00,0.03544384369397547,0.34615384615384615
2021-12-03,26,11,2023-01-16 22:09:13.846153728,2023-04-15 00:00:00,0.03514429794670695,0.4230769230769231
2021-12-10,26,11,2023-02-10 13:50:46.153846272,2023-04-23 12:00:00,0.0347387412511001,0.4230769230769231
2021-12-17,26,10,2023-02-11 18:27:41.538461440,2023-04-30 00:00:00,0.03445078790814254,0.38461538461538464
2021-12-27,26,10,2023-02-21 13:50:46.153846272,2023-05-11 00:00:00,0.03424967805599665,0.38461538461538464
2022-01-04,26,11,2023-02-27 11:04:36.923076864,2023-05-16 12:00:00,0.033894027593490764,0.4230769230769231
2022-01-11,26,11,2023-02-28 16:36:55.384615424,2023-05-25 00:00:00,0.03336833979555127,0.4230769230769231
2022-01-18,26,10,2023-02-17 05:32:18.461538560,2023-05-30 12:00:00,0.03293693157628216,0.38461538461538464
2022-01-25,26,11,2023-03-21 12:00:00.000000000,2023-06-09 00:00:00,0.033186805824847204,0.4230769230769231
2022-02-01,26,11,2023-04-06 08:18:27.692307712,2023-06-16 00:00:00,0.033178225885874685,0.4230769230769231
2022-02-08,26,12,2023-04-14 06:27:41.538461440,2023-06-23 00:00:00,0.03310196980050824,0.46153846153846156
2022-02-15,26,9,2023-04-17 18:27:41.538461440,2023-06-30 00:00:00,0.032726121060103655,0.34615384615384615
2022-02-22,26,2,2023-05-16 06:27:41.538461440,2023-07-07 00:00:00,0.03266580657777143,0.07692307692307693
2022-03-01,26,1,2023-06-30 09:13:50.769230848,2023-07-14 00:00:00,0.03290423886224293,0.038461538461538464
2022-03-08,26,0,2023-07-09 14:46:09.230769152,2023-07-21 00:00:00,0.033901628725871324,0.0
2022-03-15,26,0,2023-07-16 07:23:04.615384576,2023-07-28 00:00:00,0.033748585987906914,0.0
2022-03-22,26,0,2023-06-07 00:00:00.000000000,2023-08-04 00:00:00,0.033579488448186055,0.0
2022-03-29,26,0,2023-05-30 09:13:50.769230848,2023-08-11 00:00:00,0.03329810631491802,0.0
2022-04-05,26,0,2023-05-18 14:46:09.230769152,2023-08-18 00:00:00,0.03311695442920086,0.0
2022-04-12,26,0,2023-05-18 13:50:46.153846272,2023-08-25 00:00:00,0.032860884961067545,0.0
2022-04-21,26,0,2023-05-19 01:50:46.153846272,2023-09-03 00:00:00,0.03245854576402643,0.0
2022-04-28,26,0,2023-05-25 10:09:13.846153728,2023-09-10 00:00:00,0.031993182554926954,0.0
2022-05-05,26,0,2023-06-01 03:41:32.307692288,2023-09-17 00:00:00,0.03166870228189276,0.0
2022-05-12,26,0,2023-06-14 23:04:36.923076864,2023-09-24 00:00:00,0.03172934893233575,0.0
2022-05-19,26,0,2023-06-23 19:23:04.615384576,2023-10-01 00:00:00,0.03142389188168039,0.0
2022-05-27,26,0,2023-07-03 18:27:41.538461440,2023-10-09 00:00:00,0.030946000501125066,0.0
2022-06-03,26,0,2023-07-01 12:00:00.000000000,2023-10-16 00:00:00,0.03048504146957907,0.0
2022-06-13,26,0,2023-06-26 12:55:23.076923136,2023-10-26 00:00:00,0.030208033560925437,0.0
2022-06-20,26,0,2023-07-14 05:32:18.461538560,2023-11-02 00:00:00,0.030421857251167035,0.0
2022-06-27,26,0,2023-07-21 02:46:09.230769152,2023-11-09 00:00:00,0.030314268310495402,0.0
2022-07-04,26,0,2023-07-27 13:50:46.153846272,2023-11-16 00:00:00,0.029966352615667595,0.0
2022-07-11,26,0,2023-08-20 14:46:09.230769152,2023-11-23 00:00:00,0.029782707909554743,0.0
2022-07-18,26,0,2023-08-09 00:00:00.000000000,2023-11-30 00:00:00,0.02949360239909416,0.0
2022-07-25,26,0,2023-08-08 16:36:55.384615424,2023-12-07 00:00:00,0.029675290707790285,0.0
2022-08-02,26,0,2023-07-31 10:09:13.846153728,2023-12-13 12:00:00,0.03002901519286838,0.0
2022-08-09,26,0,2023-08-05 06:27:41.538461440,2023-11-18 00:00:00,0.030261507165403108,0.0
2022-08-16,26,0,2023-08-28 04:36:55.384615424,2023-10-31 00:00:00,0.030291861533118948,0.0
2022-08-23,26,0,2023-09-06 19:23:04.615384576,2023-10-27 12:00:00,0.029935948604167182,0.0
2022-08-30,26,0,2023-09-03 10:09:13.846153728,2023-10-10 12:00:00,0.0297278607116522,0.0
2022-09-06,26,0,2023-08-28 06:27:41.538461440,2023-11-17 00:00:00,0.029847502709704585,0.0
2022-09-13,26,0,2023-08-17 06:27:41.538461440,2023-11-15 00:00:00,0.029501817225551293,0.0
2022-09-20,26,0,2023-08-18 13:50:46.153846272,2023-12-02 00:00:00,0.02918973167963452,0.0
2022-09-27,26,0,2023-09-14 05:32:18.461538560,2024-01-29 12:00:00,0.029441486394754517,0.0
2022-10-04,26,0,2023-09-06 18:27:41.538461440,2024-02-15 00:00:00,0.029617034694320813,0.0
2022-10-11,26,0,2023-09-13 03:41:32.307692288,2024-02-23 00:00:00,0.029614794338509318,0.0
2022-10-18,26,0,2023-09-01 23:04:36.923076864,2024-03-01 00:00:00,0.029298889439943878,0.0
2022-10-25,26,0,2023-09-07 12:55:23.076923136,2024-03-08 00:00:00,0.02882264819303296,0.0
2022-11-01,26,0,2023-09-10 11:04:36.923076864,2024-03-15 00:00:00,0.0285187706496094,0.0
2022-11-08,26,0,2023-09-18 23:04:36.923076864,2024-03-22 00:00:00,0.028385936676718907,0.0
2022-11-15,26,0,2023-09-26 18:27:41.538461440,2024-03-16 12:00:00,0.02902931999071278,0.0
2022-11-22,26,0,2023-10-08 13:50:46.153846272,2024-03-31 12:00:00,0.029378898514255236,0.0
2022-11-29,26,0,2024-01-26 12:00:00.000000000,2024-04-12 00:00:00,0.02974450009223701,0.0
2022-12-06,26,0,2024-02-11 11:04:36.923076864,2024-04-10 00:00:00,0.02963151536123882,0.0
2022-12-13,26,0,2024-02-24 23:04:36.923076864,2024-04-08 12:00:00,0.029757305651613233,0.0
2022-12-20,26,0,2024-03-02 07:23:04.615384576,2024-04-24 12:00:00,0.029659924668128505,0.0
2022-12-28,26,0,2024-03-12 18:27:41.538461440,2024-05-04 12:00:00,0.029371767302022518,0.0
2023-01-05,26,0,2024-03-01 15:41:32.307692288,2024-05-03 00:00:00,0.028828588941735796,0.0
2023-01-12,26,0,2024-03-01 00:00:00.000000000,2024-05-12 00:00:00,0.02823824174439065,0.0
2023-01-19,26,0,2024-03-16 22:09:13.846153728,2024-05-23 00:00:00,0.02804800086711267,0.0
2023-01-26,26,0,2024-02-24 19:23:04.615384576,2024-05-08 00:00:00,0.02773703875382433,0.0
2023-02-02,26,0,2024-02-22 12:55:23.076923136,2024-05-02 12:00:00,0.02730302016469638,0.0
2023-02-09,26,0,2024-02-17 16:36:55.384615424,2024-04-18 00:00:00,0.026764375934414733,0.0
2023-02-16,26,0,2024-02-03 16:36:55.384615424,2024-03-06 00:00:00,0.02620472363414321,0.0
2023-02-23,26,0,2024-02-01 17:32:18.461538560,2024-02-29 00:00:00,0.026036891802508892,0.0
2023-03-02,26,0,2024-01-02 20:18:27.692307712,2024-01-15 00:00:00,0.025999012928263766,0.0
2023-03-09,26,0,2023-12-12 17:32:18.461538560,2023-12-29 00:00:00,0.025769059381139818,0.0
2023-03-16,26,0,2023-10-18 09:13:50.769230848,2023-11-10 12:00:00,0.026069692736105172,0.0
2023-03-23,26,0,2023-10-29 07:23:04.615384576,2023-11-01 12:00:00,0.026172479855534076,0.0
2023-03-30,26,0,2023-10-27 04:36:55.384615424,2023-11-06 00:00:00,0.026284814020341565,0.0
2023-04-06,26,0,2023-10-27 10:09:13.846153728,2023-11-10 00:00:00,0.02634196847228069,0.0
2023-04-17,26,1,2023-11-11 15:41:32.307692288,2023-11-30 12:00:00,0.026413583451979226,0.038461538461538464
2023-04-24,26,0,2023-12-06 12:00:00.000000000,2023-12-21 00:00:00,0.026183131771785915,0.0
2023-05-02,26,1,2024-01-12 18:27:41.538461440,2024-01-07 00:00:00,0.025872831094602786,0.038461538461538464
2023-05-09,26,1,2024-03-02 15:41:32.307692288,2024-02-04 00:00:00,0.02583625138062869,0.038461538461538464
2023-05-16,26,1,2024-03-26 02:46:09.230769152,2024-02-25 00:00:00,0.025797108562774264,0.038461538461538464
2023-05-24,26,1,2024-04-13 16:36:55.384615424,2024-04-06 00:00:00,0.025713093560511956,0.038461538461538464
2023-06-01,26,1,2024-03-24 07:23:04.615384576,2024-04-01 00:00:00,0.02547814501207163,0.038461538461538464
2023-06-08,26,1,2024-04-07 11:04:36.923076864,2024-04-27 00:00:00,0.025177376746618376,0.038461538461538464
2023-06-15,26,1,2024-05-09 18:27:41.538461440,2024-07-17 00:00:00,0.02511044305044188,0.038461538461538464
2023-06-22,26,1,2024-05-26 18:27:41.538461440,2024-09-08 00:00:00,0.0250587462419478,0.038461538461538464
2023-06-29,26,0,2024-06-18 11:04:36.923076864,2024-09-02 12:00:00,0.02508509446957695,0.0
2023-07-06,26,0,2024-06-20 02:46:09.230769152,2024-10-02 00:00:00,0.024809289119242493,0.0
2023-07-13,26,0,2024-07-18 10:09:13.846153728,2024-10-18 00:00:00,0.024761396646395865,0.0
2023-07-20,26,0,2024-08-09 12:55:23.076923136,2024-11-14 12:00:00,0.024758594230083385,0.0
2023-07-27,26,0,2024-07-21 08:18:27.692307712,2024-11-24 00:00:00,0.024779240195725118,0.0
2023-08-04,26,0,2024-08-02 07:23:04.615384576,2024-12-11 00:00:00,0.024719249301241662,0.0
2023-08-11,26,0,2024-08-21 13:50:46.153846272,2024-12-16 00:00:00,0.024512884994888042,0.0
2023-08-18,26,0,2024-08-28 08:18:27.692307712,2024-12-30 00:00:00,0.02441842774259822,0.0
2023-08-25,26,0,2024-09-01 10:09:13.846153728,2025-01-05 00:00:00,0.024417376108624538,0.0
2023-09-01,26,0,2024-09-30 12:55:23.076923136,2025-01-11 12:00:00,0.024438734655608467,0.0
2023-09-08,26,0,2024-10-15 09:13:50.769230848,2025-01-16 12:00:00,0.02426428992442568,0.0
2023-09-15,26,0,2024-10-05 16:36:55.384615424,2025-01-22 00:00:00,0.023958165523662606,0.0
2023-09-22,26,0,2024-10-02 06:27:41.538461440,2025-01-27 00:00:00,0.023763536511996173,0.0
2023-09-29,26,0,2024-10-08 07:23:04.615384576,2025-02-06 12:00:00,0.023669964986975198,0.0
2023-10-06,26,0,2024-12-07 22:09:13.846153728,2025-02-17 00:00:00,0.023744701206361747,0.0
2023-10-13,26,0,2024-11-29 07:23:04.615384576,2025-02-24 00:00:00,0.023555886177371428,0.0
2023-10-20,26,0,2025-01-11 14:46:09.230769152,2025-03-03 00:00:00,0.023378558637776048,0.0
2023-10-27,26,0,2025-02-15 11:04:36.923076864,2025-03-10 00:00:00,0.023408170116714186,0.0
2023-11-03,26,0,2025-01-25 17:32:18.461538560,2025-03-17 00:00:00,0.023261659971905532,0.0
2023-11-10,26,0,2025-02-10 18:27:41.538461440,2025-03-24 00:00:00,0.023186958356641453,0.0
2023-11-17,26,0,2024-11-16 23:04:36.923076864,2024-10-28 00:00:00,0.023196035469688087,0.0
2023-11-24,26,0,2024-10-21 19:23:04.615384576,2024-09-01 00:00:00,0.023109972606979032,0.0
2023-12-01,26,0,2024-10-02 18:27:41.538461440,2024-08-15 00:00:00,0.02303565416073037,0.0
2023-12-08,26,0,2024-09-14 17:32:18.461538560,2024-07-27 00:00:00,0.023015575713379567,0.0
2023-12-15,26,0,2024-09-11 19:23:04.615384576,2024-07-19 12:00:00,0.02298302804503344,0.0
2023-12-22,26,0,2024-09-17 22:09:13.846153728,2024-07-14 00:00:00,0.022783943468589692,0.0
2024-01-04,26,0,2024-09-17 18:27:41.538461440,2024-07-10 00:00:00,0.022551213814476063,0.0
2024-01-11,26,0,2024-09-15 05:32:18.461538560,2024-07-15 00:00:00,0.02233908522915745,0.0
2024-01-18,26,0,2024-09-01 03:41:32.307692288,2024-07-10 12:00:00,0.02218570559429298,0.0
2024-01-25,26,0,2024-08-31 21:13:50.769230848,2024-07-12 12:00:00,0.02206503543940254,0.0
2024-02-01,26,0,2024-09-19 00:00:00.000000000,2024-07-25 12:00:00,0.02195971019749051,0.0
2024-02-08,26,0,2024-10-05 12:55:23.076923136,2024-08-14 00:00:00,0.02178869971912952,0.0
2024-02-15,26,0,2024-10-28 03:41:32.307692288,2024-08-30 12:00:00,0.021761972356082612,0.0
2024-02-22,26,0,2024-10-16 18:27:41.538461440,2024-09-05 12:00:00,0.021626733941988482,0.0
2024-02-29,26,0,2024-11-23 02:46:09.230769152,2024-10-18 12:00:00,0.0216219254708609,0.0
2024-03-07,26,0,2024-11-25 08:18:27.692307712,2024-10-27 00:00:00,0.021519607342969333,0.0
2024-03-14,26,0,2024-12-24 18:27:41.538461440,2024-11-29 12:00:00,0.021540791026294234,0.0
2024-03-21,26,0,2025-01-17 02:46:09.230769152,2025-01-15 12:00:00,0.021557716240505367,0.0
2024-03-28,26,0,2025-02-15 07:23:04.615384576,2025-03-25 12:00:00,0.02167529819920063,0.0
2024-04-08,26,0,2025-03-15 17:32:18.461538560,2025-05-03 12:00:00,0.021842369271637588,0.0
2024-04-15,26,0,2025-03-13 08:18:27.692307712,2025-04-11 12:00:00,0.021707069551855165,0.0
2024-04-22,26,0,2025-03-18 21:13:50.769230848,2025-05-07 12:00:00,0.021625843789848682,0.0
2024-04-29,26,0,2025-03-24 20:18:27.692307712,2025-06-09 00:00:00,0.02156504194668178,0.0
2024-05-07,26,0,2025-04-30 00:55:23.076923136,2025-07-10 12:00:00,0.021641356277071363,0.0
2024-05-15,26,1,2025-04-16 15:41:32.307692288,2025-07-25 12:00:00,0.021962143315010788,0.038461538461538464
2024-05-23,26,2,2025-05-09 12:00:00.000000000,2025-08-09 12:00:00,0.02203891172386639,0.07692307692307693
2024-05-30,26,0,2025-05-02 03:41:32.307692288,2025-08-17 00:00:00,0.021909001767632268,0.0
2024-06-06,26,1,2025-07-07 03:41:32.307692288,2025-09-07 00:00:00,0.021949975822531203,0.038461538461538464
2024-06-13,26,2,2025-07-19 05:32:18.461538560,2025-09-20 00:00:00,0.021949544920819263,0.07692307692307693
2024-06-20,26,2,2025-07-13 23:04:36.923076864,2025-10-06 00:00:00,0.02200954911017015,0.07692307692307693
2024-06-27,26,1,2025-05-17 20:18:27.692307712,2025-09-26 00:00:00,0.02174594491858434,0.038461538461538464
2024-07-04,26,1,2025-05-21 09:13:50.769230848,2025-10-24 00:00:00,0.02167305316593989,0.038461538461538464
2024-07-11,26,1,2025-06-21 03:41:32.307692288,2025-11-12 12:00:00,0.021381592753426566,0.038461538461538464
2024-07-18,26,1,2025-06-26 13:50:46.153846272,2025-11-21 12:00:00,0.0212265498099405,0.038461538461538464
2024-07-25,26,0,2025-07-09 08:18:27.692307712,2025-11-26 12:00:00,0.021078354311641016,0.0
2024-08-02,26,0,2025-07-15 09:13:50.769230848,2025-11-26 12:00:00,0.020883989784797736,0.0
2024-08-09,26,0,2025-08-10 01:50:46.153846272,2025-12-05 12:00:00,0.020966902122735033,0.0
2024-08-16,26,0,2025-08-08 00:00:00.000000000,2025-12-11 00:00:00,0.02072871107280245,0.0
2024-08-23,26,0,2025-07-27 04:36:55.384615424,2025-11-15 00:00:00,0.020642984886314237,0.0
2024-08-30,26,0,2025-05-08 21:13:50.769230848,2025-06-08 00:00:00,0.020661781521602866,0.0
2024-09-06,26,0,2025-05-28 21:13:50.769230848,2025-06-12 12:00:00,0.020402766340865637,0.0
2024-09-13,26,0,2025-06-18 04:36:55.384615424,2025-07-29 12:00:00,0.020202421353434124,0.0
2024-09-20,26,0,2025-06-07 13:50:46.153846272,2025-08-04 00:00:00,0.01994596212762548,0.0
2024-09-27,26,0,2025-06-05 15:41:32.307692288,2025-08-01 00:00:00,0.019779097445152903,0.0
2024-10-04,26,0,2025-06-15 14:46:09.230769152,2025-08-11 00:00:00,0.019609724548316557,0.0
2024-10-11,26,0,2025-07-08 10:09:13.846153728,2025-09-10 00:00:00,0.019299749217072757,0.0
2024-10-18,26,0,2025-08-01 22:09:13.846153728,2025-10-03 12:00:00,0.019054729408051287,0.0
2024-10-25,26,0,2025-08-23 12:55:23.076923136,2025-11-09 12:00:00,0.01885943559150522,0.0
2024-11-01,26,0,2025-09-07 02:46:09.230769152,2026-01-05 12:00:00,0.018944432038078274,0.0
2024-11-08,26,0,2025-09-28 21:13:50.769230848,2026-02-11 00:00:00,0.019099231253830482,0.0
2024-11-15,26,0,2025-10-10 06:27:41.538461440,2026-02-28 00:00:00,0.019312675488189983,0.0
2024-11-22,26,0,2025-11-23 15:41:32.307692288,2026-03-19 00:00:00,0.019486578713686083,0.0
2024-11-29,26,0,2025-11-25 14:46:09.230769152,2026-04-06 00:00:00,0.019386867867674438,0.0
2024-12-06,26,0,2025-11-09 02:46:09.230769152,2026-04-03 12:00:00,0.0191862989964171,0.0
2024-12-13,26,0,2025-12-01 03:41:32.307692288,2026-04-14 00:00:00,0.01900660045810522,0.0
2024-12-20,26,0,2025-12-06 16:36:55.384615424,2026-04-26 00:00:00,0.018990360476377484,0.0
2025-01-06,26,0,2026-01-04 02:46:09.230769152,2026-05-09 12:00:00,0.0190054110532143,0.0
2025-01-13,26,0,2026-01-10 12:00:00.000000000,2026-05-18 00:00:00,0.018883259599680256,0.0
2025-01-20,26,0,2026-01-15 15:41:32.307692288,2026-05-30 00:00:00,0.01877759452296361,0.0
2025-01-27,26,0,2026-01-26 00:00:00.000000000,2026-06-05 00:00:00,0.018813681773655538,0.0
2025-02-03,26,0,2026-02-17 04:36:55.384615424,2026-06-08 12:00:00,0.018738179099946965,0.0
2025-02-10,26,0,2026-02-10 05:32:18.461538560,2026-06-15 12:00:00,0.018755566860846173,0.0
2025-02-17,26,0,2026-03-12 04:36:55.384615424,2026-05-23 00:00:00,0.018703195592034337,0.0
2025-02-24,26,0,2026-03-20 00:00:00.000000000,2026-05-23 12:00:00,0.01850397122140823,0.0
2025-03-03,26,0,2026-03-20 15:41:32.307692288,2026-05-30 00:00:00,0.018364838497978833,0.0
2025-03-10,26,0,2026-03-20 23:04:36.923076864,2026-06-05 00:00:00,0.01816234302469607,0.0
2025-03-17,26,0,2026-02-12 23:04:36.923076864,2026-05-20 00:00:00,0.018183910092235498,0.0
2025-03-24,26,0,2026-02-07 16:36:55.384615424,2026-05-17 12:00:00,0.01798120553200279,0.0
2025-03-31,26,0,2026-01-18 02:46:09.230769152,2026-01-16 12:00:00,0.017899482558375857,0.0
2025-04-07,26,0,2025-11-07 10:09:13.846153728,2025-09-10 12:00:00,0.020242523097145117,0.0
2025-04-14,26,0,2025-09-20 10:09:13.846153728,2025-08-15 12:00:00,0.023154942335022462,0.0
2025-04-23,26,0,2025-09-16 17:32:18.461538560,2025-07-26 00:00:00,0.02348663279668126,0.0
2025-04-30,26,0,2025-09-22 03:41:32.307692288,2025-08-09 12:00:00,0.02337181892254832,0.0
2025-05-08,26,0,2025-09-18 21:13:50.769230848,2025-08-05 12:00:00,0.02311387126621186,0.0
2025-05-15,26,0,2025-09-26 12:00:00.000000000,2025-08-03 00:00:00,0.022956459451659732,0.0
2025-05-22,26,0,2025-09-24 20:18:27.692307712,2025-07-31 00:00:00,0.022778630150890315,0.0
2025-05-30,26,0,2025-09-18 09:13:50.769230848,2025-08-03 00:00:00,0.02257842270071926,0.0
2025-06-06,26,0,2025-09-30 16:36:55.384615424,2025-08-03 12:00:00,0.02244737915315096,0.0
2025-06-16,26,0,2025-10-01 05:32:18.461538560,2025-08-08 00:00:00,0.02233429166985854,0.0
2025-06-23,26,0,2025-10-06 14:46:09.230769152,2025-08-04 12:00:00,0.02227596477755354,0.0
2025-06-30,26,0,2025-10-04 13:50:46.153846272,2025-08-09 00:00:00,0.02218568420649394,0.0
2025-07-07,26,0,2025-10-03 14:46:09.230769152,2025-08-18 00:00:00,0.02202859096007467,0.0
2025-07-14,26,0,2025-10-08 03:41:32.307692288,2025-08-25 00:00:00,0.021882440011782564,0.0
2025-07-21,26,0,2025-10-05 03:41:32.307692288,2025-08-13 12:00:00,0.021834344572390994,0.0
2025-07-28,26,0,2025-10-06 00:55:23.076923136,2025-08-15 12:00:00,0.02176340133044526,0.0
2025-08-05,26,0,2025-09-25 14:46:09.230769152,2025-08-15 00:00:00,0.021664743843496346,0.0
2025-08-12,26,0,2025-09-29 07:23:04.615384576,2025-08-17 12:00:00,0.021514866705024595,0.0
2025-08-19,26,0,2025-10-05 11:04:36.923076864,2025-08-30 00:00:00,0.021372367754191084,0.0
2025-08-26,26,0,2025-10-11 13:50:46.153846272,2025-09-08 00:00:00,0.02123331189962629,0.0
2025-09-02,26,0,2025-10-15 03:41:32.307692288,2025-09-09 00:00:00,0.021192491945721384,0.0
2025-09-09,26,0,2025-10-09 12:55:23.076923136,2025-09-10 00:00:00,0.02108935341890119,0.0
2025-09-16,26,0,2025-10-14 17:32:18.461538560,2025-09-17 00:00:00,0.020967102237880005,0.0
2025-09-23,26,0,2025-10-21 10:09:13.846153728,2025-09-24 12:00:00,0.02086470924792972,0.0
2025-09-30,26,0,2025-10-26 00:00:00.000000000,2025-10-01 00:00:00,0.02067086203967923,0.0
2025-10-07,26,0,2025-11-19 21:13:50.769230848,2025-10-08 00:00:00,0.020498275803363847,0.0
2025-10-14,26,0,2025-11-17 01:50:46.153846272,2025-10-15 00:00:00,0.02035039217677643,0.0
2025-10-21,26,0,2025-11-04 20:18:27.692307712,2025-10-22 00:00:00,0.020255410807816898,0.0
2025-10-28,26,1,2025-12-02 00:00:00.000000000,2025-10-29 00:00:00,0.02036907516777734,0.038461538461538464
2025-11-04,26,0,2025-12-07 15:41:32.307692288,2025-11-05 00:00:00,0.020287447733819387,0.0
2025-11-11,26,0,2025-12-30 21:13:50.769230848,2025-11-12 00:00:00,0.020155994572247368,0.0
2025-11-18,26,0,2025-12-11 02:46:09.230769152,2025-11-19 00:00:00,0.020101984849389885,0.0
2025-11-25,26,0,2025-12-15 00:55:23.076923136,2025-11-26 00:00:00,0.020220140627106847,0.0
2025-12-02,26,0,2025-12-15 16:36:55.384615424,2025-12-04 12:00:00,0.020083665651949044,0.0
2025-12-09,26,0,2025-12-21 22:09:13.846153728,2025-12-10 00:00:00,0.0198598803242833,0.0
2025-12-16,26,0,2025-12-30 01:50:46.153846272,2025-12-17 00:00:00,0.019863892426974897,0.0
2025-12-23,26,0,2026-01-07 00:00:00.000000000,2025-12-24 00:00:00,0.019734852032399743,0.0
2026-01-07,26,0,2026-01-18 11:04:36.923076864,2026-01-08 00:00:00,0.020127446518813097,0.0
2026-01-14,26,2,2026-01-19 18:27:41.538461440,2026-01-15 00:00:00,0.020234293235081142,0.07692307692307693
2026-01-21,26,0,2026-02-03 13:50:46.153846272,2026-01-22 00:00:00,0.020295081612644317,0.0
2026-01-28,26,2,2026-03-03 11:04:36.923076864,2026-01-29 00:00:00,0.02036925197221456,0.07692307692307693
2026-02-04,26,2,2026-03-10 21:13:50.769230848,2026-02-24 12:00:00,0.0202745440852653,0.07692307692307693
2026-02-11,26,2,2026-03-17 15:41:32.307692288,2026-03-03 00:00:00,0.020175773065472358,0.07692307692307693
2026-02-18,26,4,2026-04-13 11:04:36.923076864,2026-03-03 12:00:00,0.02007419767264838,0.15384615384615385
2026-02-25,26,5,2026-05-24 09:13:50.769230848,2026-03-06 00:00:00,0.019921730901047017,0.19230769230769232
2026-03-04,26,4,2026-06-16 19:23:04.615384576,2026-03-13 00:00:00,0.020190149843652663,0.15384615384615385
2026-03-11,26,10,2026-07-29 05:32:18.461538560,2026-04-17 00:00:00,0.0209899228134708,0.38461538461538464
2026-03-18,26,10,2026-08-22 03:41:32.307692288,2026-08-08 00:00:00,0.02145340125280365,0.38461538461538464
2026-03-25,26,13,2026-11-13 08:18:27.692307712,2026-10-21 12:00:00,0.022337092950861264,0.5
2026-04-01,26,14,2026-12-06 16:36:55.384615424,2027-01-02 00:00:00,0.022606344501604567,0.5384615384615384
2026-04-10,26,14,2026-12-16 17:32:18.461538560,2027-01-25 12:00:00,0.02270544485499449,0.5384615384615384
2026-04-17,26,16,2026-12-16 02:46:09.230769152,2027-01-30 00:00:00,0.0226017664480031,0.6153846153846154
2026-04-24,26,17,2026-12-20 06:27:41.538461440,2026-12-22 00:00:00,0.022481678263822486,0.6538461538461539
2026-05-04,26,15,2026-12-25 00:55:23.076923136,2026-12-29 00:00:00,0.022374446829687526,0.5769230769230769
2026-05-11,26,14,2026-12-05 08:18:27.692307712,2026-11-14 00:00:00,0.022183429749374373,0.5384615384615384
