tc_true,t1,t2,dt,observations,tc_predicted,tc_days_after_t2,check_pass,RMSE,A,B,C1,C2,C,m,omega,phi,optimizer_success
2007-06-01,2006-03-15,2006-09-11,125,126,2007-03-27,197,True,0.015128351519232397,5.782235374045794,-2.0413700498995286e-05,3.8964998297215044e-05,-0.00023592558432756886,0.00023912162686090687,0.9,12.630355531443731,-1.4071158967785784,True
2007-06-01,2006-01-04,2006-09-11,175,176,2007-04-10,211,False,0.013869698088274846,5.646811953182243,0.051445990492705915,0.0028662072069002044,0.013816154967292112,0.014110325362411639,0.16771561241024036,13.0,1.366244493489895,True
2007-06-01,2005-10-25,2006-09-11,225,226,2006-11-19,69,True,0.014778502790394535,5.8073124629110655,-0.00089402665992688,0.00031957709180244003,0.0010917247549179646,0.0011375378930416318,0.6855395375515342,6.0,1.2860254791967767,True
2007-06-01,2005-08-16,2006-09-11,275,276,2006-12-02,82,True,0.015572848718499744,5.820365311976336,-0.0009363560516914397,-0.00011546792145149641,0.0008189939896970854,0.0008270937045125411,0.7344571717998387,6.0,1.71086066131129,True
2007-06-01,2005-06-07,2006-09-11,325,326,2007-02-02,144,True,0.017886847910569634,6.586889025140293,-0.3952890951625844,-0.023217969649432027,-0.003948915061574944,0.023551391568344324,0.12918146811017917,6.0,-2.973124628010814,True
2007-06-01,2005-03-29,2006-09-11,375,376,2007-04-12,213,True,0.021528527950554693,7.525229474252851,-0.9790359858908878,0.002648652123981271,-0.027628514395139248,0.027755182682812362,0.1,6.0,-1.47522178835796,True
2007-06-01,2005-01-14,2006-09-11,425,426,2007-04-25,226,True,0.021059187624460022,7.627328413938443,-1.0322761862665388,0.00874118990395412,-0.02590341629030435,0.027338532814432347,0.1,6.0,-1.245342514678625,True
2007-06-01,2004-11-03,2006-09-11,475,476,2007-06-28,290,True,0.02204651360929646,8.040724915323787,-1.2426377461767233,0.024844235466646686,-0.00720435560477542,0.025867716861026683,0.1,6.0,-0.28223987206867696,True
2007-06-01,2004-08-25,2006-09-11,525,526,2007-11-16,431,True,0.023065145479988638,8.604038324881241,-1.5125652288918259,0.009493995224660767,0.024694741473081414,0.026456874376014423,0.1,6.0,1.203762979320104,True
2007-06-01,2004-06-16,2006-09-11,575,576,2008-01-03,479,True,0.023438042935855205,8.788023401852822,-1.599267112929835,-0.001815375743275588,0.027252960343399107,0.027313356376838013,0.1,6.0,1.6373101221769752,True
2007-06-01,2006-04-12,2006-10-09,125,126,2007-10-04,360,False,0.016666734474417817,5.677523539243209,0.0005102895106180178,3.9890395584943924e-05,0.00022238017353666558,0.0002259296024033168,0.9,13.0,1.393304692656722,True
2007-06-01,2006-02-01,2006-10-09,175,176,2007-06-22,256,True,0.015583904459573781,5.842823942531684,-0.0002843648160095904,-0.00012818319101431952,-0.00014160766135737972,0.00019100696378331302,0.9,13.0,-2.3064766911383647,True
2007-06-01,2005-11-22,2006-10-09,225,226,2007-06-27,261,True,0.014638419649962396,5.861649489395368,-0.002903297283302874,-0.000760051086128509,-0.0011873014590571148,0.001409738418361463,0.5520539946126902,13.0,-2.1402159579361335,True
2007-06-01,2005-09-13,2006-10-09,275,276,2007-03-15,157,True,0.015515440915750245,5.848356647755662,-0.0006946153078258579,0.0001737568019991048,0.00036153737801172716,0.0004011242973699681,0.8077435732868115,8.750760649083649,1.1227844645977771,True
2007-06-01,2005-07-05,2006-10-09,325,326,2006-12-31,83,True,0.01668056380055503,5.858767387777992,-0.0023034948857348714,-0.0008455183903161372,0.0006729601236995558,0.001080637162257764,0.6629178802846604,6.0,2.4693480009134037,True
2007-06-01,2005-04-26,2006-10-09,375,376,2007-04-26,199,True,0.021484775041683633,7.522492635430265,-0.9746903617622704,0.006753347399804377,-0.02640945203698064,0.0272592527042842,0.1,6.0,-1.3204441825740394,True
2007-06-01,2005-02-11,2006-10-09,425,426,2007-04-29,202,True,0.020625337957317434,7.554860043814574,-0.9919668486083508,0.008138046155570455,-0.02627512810093849,0.027506547437854183,0.1,6.0,-1.2704421872436527,True
2007-06-01,2004-12-01,2006-10-09,475,476,2007-06-05,239,True,0.02135918277172347,7.888791654565518,-1.1656657475802499,0.021561694508714563,-0.015159542135183834,0.026357511032636328,0.1,6.0,-0.6127884115851674,True
2007-06-01,2004-09-22,2006-10-09,525,526,2007-08-07,302,True,0.022650973194872984,8.344577413773768,-1.39622616832755,0.023813093136831165,0.006905113121291689,0.024794031377757635,0.1,6.0,0.2822309306728825,True
2007-06-01,2004-07-14,2006-10-09,575,576,2007-11-11,398,True,0.02349527336281496,8.900168484069082,-1.6671673877951596,0.005224475081216484,0.023257741600209658,0.023837317051555423,0.1,6.0,1.3498304577646494,True
2007-06-01,2004-05-04,2006-10-09,625,626,2007-10-10,366,True,0.02298384634084746,8.737990429893213,-1.58960212821274,0.01237125822640453,0.020688962800622157,0.024105626145568364,0.1,6.0,1.0318751135676774,True
2007-06-01,2006-05-15,2006-11-06,125,126,2008-03-12,492,False,0.013276897287845535,4.4949316205897105,0.00468503450833621,1.929557799793674e-06,-0.0010691897445633382,0.0010691914856903412,0.9,6.0,-1.5689916371083286,True
2007-06-01,2006-03-01,2006-11-06,175,176,2007-09-29,327,True,0.017710958254478344,5.950657546657965,-0.0006358347237309277,0.00014944554529856038,9.209923155908237e-05,0.0001755455481160304,0.9,13.0,0.5522989803994099,True
2007-06-01,2005-12-20,2006-11-06,225,226,2007-10-01,329,True,0.016498436248115075,5.98498188036936,-0.00262213286786034,0.00046731819653803995,0.0003191898598487744,0.0005659226656053337,0.7004786986247449,13.0,0.5992420463578078,True
2007-06-01,2005-10-11,2006-11-06,275,276,2007-10-13,341,True,0.01601691052851403,6.006805093495099,-0.003589969519011336,0.0006040687059955885,0.00032462128061445526,0.0006857681659212198,0.6633712124972677,12.926011919817837,0.49311133523415707,True
2007-06-01,2005-08-02,2006-11-06,325,326,2007-07-31,267,True,0.016278564214271627,6.027829234856822,-0.010338967546621477,-2.2459054261798677e-05,-0.0017498050037888452,0.0017499491308043257,0.5220885042431381,10.861882667133827,-1.5836307975048238,True
2007-06-01,2005-05-24,2006-11-06,375,376,2007-02-19,105,True,0.01878036362509465,5.974431205474352,-0.012857655056317929,-0.002288423387802633,-0.0011944971453181931,0.0025814153156776985,0.4877873108202,6.0,-2.660520901061214,True
2007-06-01,2005-03-11,2006-11-06,425,426,2007-04-22,167,True,0.020769585845926915,6.145206833092416,-0.033124900236158904,0.0006091700065774756,-0.0036753542673995717,0.0037254955492935222,0.4144561844353997,6.0,-1.4065449600559838,True
2007-06-01,2004-12-30,2006-11-06,475,476,2007-05-20,195,True,0.020774206271432467,6.6266097114936455,-0.2346401256103657,0.007485221244690264,-0.009912887730690961,0.012421508774832704,0.21832168430801607,6.0,-0.9240392183052061,True
2007-06-01,2004-10-20,2006-11-06,525,526,2007-07-11,247,True,0.022015473565646728,8.168950385542884,-1.308402615129943,0.025183546968103487,-0.0017211676627353345,0.02524229498318091,0.1,6.0,-0.06823880988418513,True
2007-06-01,2004-08-11,2006-11-06,575,576,2007-09-07,305,True,0.023399777118723084,8.646482362801272,-1.5486466160516128,0.01721876522610838,0.016374105087820057,0.02376125403548419,0.1,6.0,0.7602594302799801,True
2007-06-01,2004-06-02,2006-11-06,625,626,2007-09-11,309,True,0.023072394913641766,8.675467252010563,-1.5631677175752758,0.01650410636786609,0.01718432394690861,0.023826172930500916,0.1,6.0,0.8055868499916544,True
2007-06-01,2006-06-12,2006-12-04,125,126,2007-09-10,280,True,0.011461918361209465,6.32860305445712,-0.29018618675799096,-0.030374780403041812,0.015617755555451834,0.0341546713221319,0.1,6.0,2.6666745914117835,True
2007-06-01,2006-03-29,2006-12-04,175,176,2008-02-09,432,True,0.016895321944042013,5.885617993026934,-0.00022939053047474166,-0.00018823153208411808,-1.7470262039643572e-05,0.0001890405240324629,0.9,12.849506443848579,-3.0490451642029135,True
2007-06-01,2006-01-18,2006-12-04,225,226,2007-10-26,326,True,0.01645959035466096,5.9946885927904265,-0.0007699592568906633,7.011326015641896e-05,0.00016108940663007876,0.0001756862720254276,0.9,13.0,1.1602806876060485,True
2007-06-01,2005-11-08,2006-12-04,275,276,2007-10-29,329,True,0.01574405765194788,6.282787178583282,-0.0692639345769286,0.0015890591059077395,0.005652381536398009,0.005871501160272509,0.3155578992333256,13.0,1.2967392491139484,True
2007-06-01,2005-08-30,2006-12-04,325,326,2007-10-28,328,True,0.016029763075343057,6.239265153134609,-0.051684448963423495,0.0014609449970351936,0.00462772374784601,0.004852853528671567,0.34788912101083685,13.0,1.2650041999692268,True
2007-06-01,2005-06-21,2006-12-04,375,376,2007-05-14,161,True,0.017236680640129533,6.0848973730921125,-0.028600133515511106,0.0011145384884837782,-0.003681267052347698,0.0038462869306660438,0.4032119682742471,8.089491383667225,-1.2768098284711382,True
2007-06-01,2005-04-12,2006-12-04,425,426,2007-03-25,111,True,0.020978656861520645,5.982900855550374,-0.006396611496579995,-0.00033322018928197373,-0.0011184015592550487,0.0011669866075877816,0.6062566747189593,6.0,-1.8603651231586356,True
2007-06-01,2005-01-28,2006-12-04,475,476,2007-03-31,117,True,0.020172631322888726,5.98242828439446,-0.005584491334962562,-0.00017352240672198905,-0.0009854899745893768,0.0010006500465451257,0.6274625841967998,6.0,-1.745087082677966,True
2007-06-01,2004-11-17,2006-12-04,525,526,2007-05-14,161,True,0.0217210642389094,6.026314306748778,-0.005450274710828443,0.00041411944426114275,-0.0005850269621590819,0.0007167645782041978,0.6494822249216547,6.0,-0.9548120783139242,True
2007-06-01,2004-09-08,2006-12-04,575,576,2007-08-16,255,True,0.02277906982361824,6.647800923194659,-0.15429189257325257,0.006438246679650032,0.002458348942984438,0.006891625340476467,0.2830753989783804,6.0,0.3647496310338481,True
2007-06-01,2004-06-30,2006-12-04,625,626,2007-10-17,317,True,0.023283717858064136,8.855105444871803,-1.648981347233967,0.00925044267280023,0.02107362852617467,0.023014528213760245,0.1,6.0,1.1571625840673403,True
2007-06-01,2006-07-10,2007-01-05,125,126,2007-03-26,80,True,0.010381687291722678,7.014996150360364,-0.6774270868679554,0.0034206670524939975,-0.009070622760050676,0.00969418177770395,0.108138833218753,6.0,-1.2101727825190842,True
2007-06-01,2006-04-28,2007-01-05,175,176,2008-05-19,500,False,0.01705773840359469,3.953260864392017,0.006090260291069935,0.000696763511778824,-0.0010980002132216088,0.0013004168022526692,0.9,6.0,-1.0053412118531007,True
2007-06-01,2006-02-15,2007-01-05,225,226,2008-01-15,375,True,0.01836982404271258,6.038989661825337,-0.0008002089962138132,-0.00014910121463884523,-4.754076611320426e-06,0.00014917698700270528,0.9,13.0,-3.109718556970268,True
2007-06-01,2005-12-06,2007-01-05,275,276,2008-01-03,363,True,0.017445074269467054,6.044733698329763,-0.000841485204373624,-0.00014011077102405825,4.464959724263055e-05,0.00014705310160239803,0.9,13.0,2.833093407426621,True
2007-06-01,2005-09-27,2007-01-05,325,326,2007-12-18,347,True,0.017821647851704616,6.2825485064281406,-0.037819707661113436,-0.002393461135067534,0.0019964777275541844,0.0031168220227819694,0.40605760114247813,13.0,2.446379472274773,True
2007-06-01,2005-07-19,2007-01-05,375,376,2007-12-21,350,True,0.01732957938245019,6.366948651992848,-0.06444218073496102,-0.003590306905644499,0.0025862524107637137,0.004424816968971677,0.3465116927248552,13.0,2.517343748377863,True
2007-06-01,2005-05-10,2007-01-05,425,426,2007-03-07,61,True,0.020082489885898742,6.03424716191972,-0.019527456092040027,-0.0019045046285920434,-0.0022507057750758594,0.002948357910140549,0.45499672487884923,6.0,-2.2730691249853683,True
2007-06-01,2005-02-25,2007-01-05,475,476,2007-04-06,91,True,0.020403341737300282,6.009556895585556,-0.008159871618448045,-0.00012384242553096364,-0.0012977155510148775,0.001303611367588991,0.5808709206272378,6.0,-1.6659393018377333,True
2007-06-01,2004-12-15,2007-01-05,525,526,2007-04-27,112,True,0.021017439560536207,6.00437481755435,-0.004966070979083608,0.00023320059699769016,-0.0006997953830502823,0.0007376286983154671,0.6552592669624341,6.0,-1.2491287669780218,True
2007-06-01,2004-10-06,2007-01-05,575,576,2007-06-10,156,True,0.02247186274236392,6.020797385438209,-0.0031676632000758377,0.00032187660637118294,-0.00018895156658881387,0.00037323885682682663,0.7284371420115267,6.0,-0.5308289367329826,True
2007-06-01,2004-07-28,2007-01-05,625,626,2007-09-08,246,True,0.023516963533913943,6.211842743724775,-0.013731159846318645,0.0007456136865283645,0.000571440651588219,0.0009394062953940572,0.5600409578418809,6.0,0.6539167152374862,True
2007-06-01,2004-05-18,2007-01-05,675,676,2007-08-11,218,True,0.023041449877434117,6.111494745889718,-0.005888860160683037,0.00046623463926424445,0.0001570282963775232,0.00049196811351254,0.6609412271540025,6.0,0.3248682080067615,True
2007-06-01,2006-08-07,2007-02-02,125,126,2007-02-03,1,True,0.007653020775961316,5.933278203286285,-0.0013748089069781349,1.8183807346192082e-06,-0.0002654706889218467,0.00026547691648265003,0.8684746135407166,6.56321703176257,-1.563946786061271,True
2007-06-01,2006-05-29,2007-02-02,175,176,2007-03-10,36,True,0.011937431521600875,5.964785446221538,-0.001334163873804464,-6.078968691681067e-05,-0.0001202242098601992,0.00013471913996145122,0.9,6.0,-2.0389425526765583,True
2007-06-01,2006-03-15,2007-02-02,225,226,2008-06-12,496,False,0.018949816984135184,5.77918190462775,0.0002284684304807092,0.0002476419100557567,-8.3067190841874e-05,0.00026120236180100635,0.9,9.03121741697842,-0.3236387795576466,True
2007-06-01,2006-01-04,2007-02-02,275,276,2007-03-02,28,True,0.017705535629552377,5.939639869889219,-0.0010402437507070718,-0.00027008977558288014,-0.0002223916148944169,0.0003498664277260069,0.9,6.0,-2.452746059569604,True
2007-06-01,2005-10-25,2007-02-02,325,326,2007-03-04,30,True,0.016993476862200277,5.959922910966472,-0.0032461385955052293,-0.0006125683337558418,-0.0006030531328533355,0.0008596005145209205,0.7143084375875197,6.0,-2.364021767714807,True
2007-06-01,2005-08-16,2007-02-02,375,376,2007-02-24,22,True,0.01830181445644149,6.041840750607245,-0.030614887996817233,0.003732192171258124,-0.0024582731408773813,0.004469045226707778,0.3819239483694504,6.360926947105992,-0.5824441529226735,True
2007-06-01,2005-06-07,2007-02-02,425,426,2007-02-21,19,True,0.017885822588230037,6.0198955970256725,-0.022523659904514205,-0.0031891030423057856,-0.0015900337428771086,0.003563507474095123,0.42276270073595695,6.000871497255101,-2.6790789904634145,True
2007-06-01,2005-03-29,2007-02-02,475,476,2007-03-23,49,True,0.0205666417468115,6.009198151882629,-0.009270930802690881,-0.0004432593749546215,-0.0014195638550927787,0.0014871585027060948,0.5624663572695994,6.0,-1.8734537811681806,True
2007-06-01,2005-01-14,2007-02-02,525,526,2007-04-02,59,True,0.020425155022591568,6.0168972069004205,-0.008556279716932692,-0.00011044346126093873,-0.001277928493947019,0.0012826920884518593,0.5789750247961281,6.0,-1.6570059365568497,True
2007-06-01,2004-11-03,2007-02-02,575,576,2007-06-02,120,True,0.021427866661679736,6.047359867070701,-0.005991204291934,0.0005365433559937566,-0.000455259484078898,0.0007036618297910065,0.6416076318321364,6.0,-0.7036252432112235,True
2007-06-01,2004-08-25,2007-02-02,625,626,2007-07-12,160,True,0.022498432956071512,6.053492230842301,-0.0035294859316082057,0.0003458840451007726,-2.2652176109715636e-05,0.00034662500449012456,0.7213496292234598,6.0,-0.06539727475132869,True
2007-06-01,2004-06-16,2007-02-02,675,676,2007-08-02,181,True,0.02299443689808583,6.066463097441059,-0.0032751061757554404,0.00028561116907444223,6.646442223239673e-05,0.0002932426628626127,0.7352265843775231,6.0,0.22864019529954208,True
2007-06-01,2006-09-04,2007-03-02,125,126,2007-04-20,49,True,0.01097435051554845,5.984175325661789,-0.0011841758827523844,-9.086417443211803e-05,-0.00011609034769695118,0.00014742207101933343,0.9,13.0,-2.2349004958161123,True
2007-06-01,2006-06-26,2007-03-02,175,176,2008-07-10,496,True,0.012617016763417374,6.224502098475597,-0.005430695305106697,0.0007621106221471731,-5.0099585870294616e-05,0.000763755568813692,0.6648289487965174,6.014397679639187,-0.0656434943812947,True
2007-06-01,2006-04-12,2007-03-02,225,226,2008-07-14,500,False,0.019164959155360387,4.955635282364869,0.002825138059881847,0.0005758267551915019,-0.0005288626762233099,0.0007818389746593959,0.9,6.0,-0.7429103707346691,True
2007-06-01,2006-02-01,2007-03-02,275,276,2007-03-03,1,True,0.018436408813589322,5.94079862851389,-0.001045836467060824,-0.0002696667768344269,-0.0002267927192975232,0.00035235650704170876,0.9,6.0,-2.442340384449556,True
2007-06-01,2005-11-22,2007-03-02,325,326,2007-03-10,8,True,0.017760154758238167,5.949858426252395,-0.0015795967078892504,-0.0002918845886070215,-0.0003665893512691472,0.000468598298684731,0.8298859764783231,6.0,-2.243226159501392,True
2007-06-01,2005-09-13,2007-03-02,375,376,2007-04-22,51,True,0.018881200114037572,6.115931605358902,-0.03804922400181736,-0.0026903449128746915,0.003430933023441188,0.0043599606834890175,0.37394183394445507,7.706128579997306,2.2357938070091476,True
2007-06-01,2005-07-05,2007-03-02,425,426,2007-04-20,49,True,0.01823153900586467,6.119231181803123,-0.04056327938764549,0.00045328880512082725,0.004494878282638651,0.004517676561749906,0.36516918944447907,7.585480008798046,1.4702904931284324,True
2007-06-01,2005-04-26,2007-03-02,475,476,2007-09-30,212,True,0.021827420272982158,6.176164406062506,-0.011945547309946788,-0.0007025098285285069,0.0007645549090462252,0.001038298737418973,0.5637877396300277,8.235466564072686,2.3139276923809406,True
2007-06-01,2005-02-11,2007-03-02,525,526,2007-03-29,27,True,0.020086476186646156,6.003921394304233,-0.007813095150555659,-0.0002665174433634319,-0.0012395935957230943,0.0012679210662240336,0.5861474166126693,6.0,-1.782576203602719,True
2007-06-01,2004-12-01,2007-03-02,575,576,2007-06-04,94,True,0.02144696089413289,6.078883018963686,-0.009629722331231768,0.0008975533251068869,-0.0005589209182120095,0.0010573526205695926,0.5798692660050276,6.028118457648912,-0.5569552838866209,True
2007-06-01,2004-09-22,2007-03-02,625,626,2007-07-06,126,True,0.02223417916641886,6.068721531943861,-0.005178390930081946,0.0005094064744260145,-0.00010329208637194643,0.0005197732306441064,0.6690533934777191,6.0,-0.2000570984229547,True
2007-06-01,2004-07-14,2007-03-02,675,676,2007-08-07,158,True,0.023002455657353222,6.064141135383425,-0.002889525394195706,0.00023926324907149106,7.700915693804406e-05,0.0002513509749504757,0.7528125758614626,6.0,0.31138883463734773,True
2007-06-01,2004-05-04,2007-03-02,725,726,2007-07-30,150,True,0.022577879983283883,6.064285394025381,-0.003314832004935762,0.0002981673739584803,5.5824748350280805e-05,0.00030334829061932824,0.7330459255577296,6.0,0.18508344858300443,True
2007-06-01,2006-10-02,2007-03-30,125,126,2007-06-01,63,True,0.014034767920508298,6.28808391034115,-0.23500887495664904,-0.01017822103686647,-0.009134634256983635,0.013676173678488078,0.1,6.0,-2.41017785130996,True
2007-06-01,2006-07-24,2007-03-30,175,176,2008-07-30,488,False,0.014227189295717948,4.828153633907827,0.5210626303721747,0.061943833846969526,-0.00988661175364719,0.06272785381015616,0.1,6.0,-0.15827113947944324,True
2007-06-01,2006-05-15,2007-03-30,225,226,2008-08-02,491,False,0.016062052320238607,5.552117087756547,0.0008985957670559009,-6.787743974618043e-05,0.00041869883433874285,0.0004241651337664594,0.9,6.333767874481483,1.731513295368303,True
2007-06-01,2006-03-01,2007-03-30,275,276,2008-08-06,495,True,0.020418013328663748,6.068702549200627,-0.0006244231848441256,0.0001375317185919439,1.86934182681327e-05,0.00013879631661323368,0.9,11.902069564118872,0.13509291505945192,True
2007-06-01,2005-12-20,2007-03-30,325,326,2008-04-22,389,True,0.020382010420088123,6.1489659715584555,-0.0010076578799001071,3.548777512630955e-05,-0.00011791911773255669,0.00012314341440060886,0.9,13.0,-1.2784680712989707,True
2007-06-01,2005-10-11,2007-03-30,375,376,2008-04-24,391,True,0.0193531726354456,6.148865485696962,-0.0010038064801432785,4.082314720660685e-05,-0.00011485769254061306,0.00012189675501672016,0.9,13.0,-1.2292978893382627,True
2007-06-01,2005-08-02,2007-03-30,425,426,2007-06-08,70,True,0.0198248091147099,6.101207222098537,-0.024625774558840425,0.0011112995475281847,0.00272822948528561,0.0029458823480780984,0.42930244979146653,9.459805534539269,1.1839839083650998,True
2007-06-01,2005-05-24,2007-03-30,475,476,2008-04-18,385,True,0.020429050084694797,6.559171173663411,-0.06670497304800038,-0.0018058284103568134,-0.002445244915387216,0.0030397761338425647,0.37480228769168245,12.867885407386842,-2.2069006981367125,True
2007-06-01,2005-03-11,2007-03-30,525,526,2007-10-16,200,True,0.021446175500767103,6.148114840897164,-0.007817992622431736,-7.249718592154458e-05,-0.0007390964810409971,0.0007426435553169017,0.6170273022606968,8.557635192068192,-1.6685724788660428,True
2007-06-01,2004-12-30,2007-03-30,575,576,2007-09-16,170,True,0.02142623713713761,6.117829318168455,-0.00659452050624882,0.0006444830079857894,-0.00013529013638791392,0.0006585300058359311,0.6369394090968141,7.864729699961513,-0.2069159633516108,True
2007-06-01,2004-10-20,2007-03-30,625,626,2007-07-20,112,True,0.02244843783566799,6.051410106921888,-0.003709376523561014,-0.0002772682238600455,0.000298095995137636,0.00040711041534158987,0.7100198971010316,6.383305821420226,2.320011008061835,True
2007-06-01,2004-08-11,2007-03-30,675,676,2007-07-19,111,True,0.02341215158619119,6.0243478303744755,-0.0018443549804546113,0.0001865378194874767,7.570574022568096e-06,0.00018669138086739202,0.8077002646863455,6.0,0.04056239968846545,True
2007-06-01,2004-06-02,2007-03-30,725,726,2007-07-19,111,True,0.02313879217770731,6.024695402633172,-0.0018397693037962358,0.00018717244054272891,1.0697490217177137e-05,0.00018747788881803634,0.8081784863135859,6.0,0.05709101857639513,True
2007-06-01,2006-10-30,2007-05-02,125,126,2007-07-14,73,True,0.011680841788458943,6.351920920044796,-0.2641013132603868,0.010216531022434343,-0.009247928583071677,0.013780482183507132,0.1,9.700611559740514,-0.7356765619633228,True
2007-06-01,2006-08-21,2007-05-02,175,176,2007-08-13,103,True,0.015048197829618621,7.097109440420286,-0.7042158121832535,0.006369002665391116,0.01278555414974434,0.01428406769333595,0.1,6.0,1.108637403412269,True
2007-06-01,2006-06-12,2007-05-02,225,226,2007-10-15,166,True,0.014931228875549294,7.9532226395043155,-1.176301037735222,-0.01783136709118817,0.0007313517781218914,0.017846358949770973,0.1,6.0,3.1006007268867175,True
2007-06-01,2006-03-29,2007-05-02,275,276,2007-05-03,1,True,0.021006877783494665,5.961938076829934,-0.0009570038433640668,-0.00022694509562539016,0.00015026795910023555,0.00027218474601007226,0.9,7.711378029519423,2.5567349393147203,True
2007-06-01,2006-01-18,2007-05-02,325,326,2007-11-15,197,True,0.02098895310171498,6.078734701119629,-0.0010333707482823864,0.0001423054749015128,7.703016277747088e-05,0.00016181623578760183,0.9,9.826766995834191,0.4961403569579844,True
2007-06-01,2005-11-08,2007-05-02,375,376,2007-11-25,207,True,0.019674444246450536,6.084297031428452,-0.0010340912905606795,-9.251028199441818e-05,0.0001266708777711172,0.00015685554994960199,0.9,10.066269548189892,2.2015828405214664,True
2007-06-01,2005-08-30,2007-05-02,425,426,2008-03-13,316,True,0.020479505154813237,7.5017893027986995,-0.6149720090574102,-0.006259079680551241,-0.010912242926383358,0.012579869797891116,0.15822574525726157,13.0,-2.091565223896043,True
2007-06-01,2005-06-21,2007-05-02,475,476,2008-02-22,296,True,0.019801958953636956,7.158972555939584,-0.39837124284085845,0.01009599909738116,0.0005614909517175498,0.010111600756714136,0.19178393066869315,12.422968342018635,0.0555579603159535,True
2007-06-01,2005-04-12,2007-05-02,525,526,2007-09-28,149,True,0.021471794779094836,6.1401463497777495,-0.008171898835867615,-0.000555302982554748,0.0005668004932417635,0.0007934886272488757,0.6100475424769239,8.243770897529446,2.34594845799348,True
2007-06-01,2005-01-28,2007-05-02,575,576,2007-10-06,157,True,0.020747611260369,6.156152429994208,-0.009398168749813396,-0.0006538260406040498,-0.0005837710831261266,0.0008765142148683155,0.5927946148046163,8.464738622724894,-2.412739771665305,True
2007-06-01,2004-11-17,2007-05-02,625,626,2007-08-15,105,True,0.021530865184386735,6.075039785114146,-0.004389247220283533,0.00042957295827960435,0.0001809668031717738,0.0004661350773491545,0.6887403224128763,7.0283343759433645,0.39870825882955835,True
2007-06-01,2004-09-08,2007-05-02,675,676,2007-07-08,67,True,0.022314705163629215,6.027776811819797,-0.0025056942016640094,0.000271685640014154,-4.738574278390225e-05,0.0002757870475730915,0.7630450086445871,6.0,-0.17267689276682632,True
2007-06-01,2004-06-30,2007-05-02,725,726,2007-07-21,80,True,0.022933221694112972,6.023010991918504,-0.0016579542523235732,0.00016098614903108126,1.719048875441107e-05,0.00016190136838048355,0.8234295681031406,6.0,0.10637930141481951,True
